"ROUTE", "STOP", "SEQ"
"1", "0", "1"
"1", "1", "2"
"1", "2", "3"
"1", "3", "4"
"1", "4", "5"
"1", "5", "6"
"1", "6", "7"
"1", "7", "8"
"1", "8", "9"
"1", "9", "10"
"1", "10", "11"
"1", "11", "12"
"1", "12", "13"
"1", "13", "14"
"1", "14", "15"
"1", "15", "16"
"1", "16", "17"
"1", "17", "18"
"1", "18", "19"
"1", "19", "20"
"1", "20", "21"
"1", "21", "22"
"1", "22", "23"
"1", "23", "24"
"1", "24", "25"
"1", "25", "26"
"1", "26", "27"
"1", "27", "28"
"1", "28", "29"
"1", "29", "30"
"1", "30", "31"
"1", "31", "32"
"1", "32", "33"
"1", "33", "34"
"1", "34", "35"
"1", "35", "36"
"1", "36", "37"
"1", "37", "38"
"1", "38", "39"
"1", "39", "40"
"1", "40", "41"
"1", "41", "42"
"1", "42", "43"
"1", "43", "44"
"1", "44", "45"
"10", "0", "1"
"10", "43", "2"
"10", "42", "3"
"10", "45", "4"
"10", "40", "5"
"10", "39", "6"
"10", "38", "7"
"10", "37", "8"
"10", "36", "9"
"10", "35", "10"
"10", "46", "11"
"10", "33", "12"
"10", "32", "13"
"10", "31", "14"
"10", "30", "15"
"10", "29", "16"
"10", "28", "17"
"10", "27", "18"
"10", "26", "19"
"10", "25", "20"
"10", "24", "21"
"10", "23", "22"
"10", "22", "23"
"10", "21", "24"
"10", "20", "25"
"10", "19", "26"
"10", "18", "27"
"10", "47", "28"
"10", "17", "29"
"10", "16", "30"
"10", "15", "31"
"10", "14", "32"
"10", "13", "33"
"10", "12", "34"
"10", "11", "35"
"10", "10", "36"
"10", "9", "37"
"10", "8", "38"
"10", "48", "39"
"10", "6", "40"
"10", "5", "41"
"10", "49", "42"
"10", "3", "43"
"10", "2", "44"
"10", "1", "45"
"10", "50", "46"
"10", "44", "47"
"4", "51", "1"
"4", "52", "2"
"4", "53", "3"
"4", "54", "4"
"4", "55", "5"
"4", "56", "6"
"4", "57", "7"
"4", "56", "8"
"4", "55", "9"
"4", "58", "10"
"4", "53", "11"
"4", "52", "12"
"5", "59", "1"
"5", "60", "2"
"5", "61", "3"
"5", "62", "4"
"5", "63", "5"
"5", "64", "6"
"5", "65", "7"
"5", "66", "8"
"5", "67", "9"
"5", "68", "10"
"5", "69", "11"
"5", "70", "12"
"5", "71", "13"
"5", "72", "14"
"5", "73", "15"
"5", "74", "16"
"5", "75", "17"
"5", "76", "18"
"5", "75", "19"
"5", "74", "20"
"5", "73", "21"
"5", "72", "22"
"5", "71", "23"
"5", "70", "24"
"5", "69", "25"
"5", "68", "26"
"5", "67", "27"
"5", "66", "28"
"5", "65", "29"
"5", "64", "30"
"5", "63", "31"
"5", "62", "32"
"5", "61", "33"
"5", "60", "34"
"7", "51", "1"
"7", "52", "2"
"7", "53", "3"
"7", "54", "4"
"7", "77", "5"
"7", "78", "6"
"7", "79", "7"
"7", "80", "8"
"7", "81", "9"
"7", "0", "10"
"7", "43", "11"
"7", "42", "12"
"7", "45", "13"
"7", "82", "14"
"7", "83", "15"
"7", "84", "16"
"7", "85", "17"
"7", "86", "18"
"7", "87", "19"
"7", "84", "20"
"7", "83", "21"
"7", "82", "22"
"7", "41", "23"
"7", "42", "24"
"7", "43", "25"
"7", "0", "26"
"7", "81", "27"
"7", "80", "28"
"7", "79", "29"
"7", "78", "30"
"7", "77", "31"
"7", "54", "32"
"7", "53", "33"
"7", "52", "34"
"8", "88", "1"
"8", "89", "2"
"8", "90", "3"
"8", "91", "4"
"8", "92", "5"
"8", "93", "6"
"8", "94", "7"
"8", "95", "8"
"8", "96", "9"
"8", "97", "10"
"8", "98", "11"
"8", "99", "12"
"8", "100", "13"
"8", "101", "14"
"8", "102", "15"
"8", "46", "16"
"8", "35", "17"
"8", "36", "18"
"8", "37", "19"
"8", "38", "20"
"8", "103", "21"
"8", "104", "22"
"8", "105", "23"
"8", "106", "24"
"8", "107", "25"
"8", "108", "26"
"8", "109", "27"
"8", "110", "28"
"8", "111", "29"
"8", "57", "30"
"8", "111", "31"
"8", "110", "32"
"8", "109", "33"
"8", "108", "34"
"8", "107", "35"
"8", "106", "36"
"8", "105", "37"
"8", "104", "38"
"8", "39", "39"
"8", "38", "40"
"8", "37", "41"
"8", "36", "42"
"8", "35", "43"
"8", "46", "44"
"8", "102", "45"
"8", "101", "46"
"8", "100", "47"
"8", "99", "48"
"8", "98", "49"
"8", "97", "50"
"8", "96", "51"
"8", "95", "52"
"8", "94", "53"
"8", "93", "54"
"8", "92", "55"
"8", "91", "56"
"8", "90", "57"
"8", "89", "58"
"11", "57", "1"
"11", "56", "2"
"11", "55", "3"
"11", "58", "4"
"11", "77", "5"
"11", "78", "6"
"11", "79", "7"
"11", "80", "8"
"11", "81", "9"
"11", "0", "10"
"11", "43", "11"
"11", "42", "12"
"11", "45", "13"
"11", "40", "14"
"11", "39", "15"
"11", "38", "16"
"11", "37", "17"
"11", "36", "18"
"11", "35", "19"
"11", "46", "20"
"11", "33", "21"
"11", "32", "22"
"11", "112", "23"
"11", "113", "24"
"11", "114", "25"
"11", "115", "26"
"11", "116", "27"
"11", "117", "28"
"11", "118", "29"
"11", "119", "30"
"11", "120", "31"
"11", "121", "32"
"11", "122", "33"
"11", "123", "34"
"11", "122", "35"
"11", "121", "36"
"11", "120", "37"
"11", "119", "38"
"11", "118", "39"
"11", "117", "40"
"11", "116", "41"
"11", "115", "42"
"11", "114", "43"
"11", "113", "44"
"11", "112", "45"
"11", "32", "46"
"11", "33", "47"
"11", "34", "48"
"11", "35", "49"
"11", "36", "50"
"11", "37", "51"
"11", "38", "52"
"11", "39", "53"
"11", "40", "54"
"11", "41", "55"
"11", "42", "56"
"11", "43", "57"
"11", "0", "58"
"11", "81", "59"
"11", "80", "60"
"11", "79", "61"
"11", "78", "62"
"11", "77", "63"
"11", "54", "64"
"11", "55", "65"
"11", "56", "66"
"14", "124", "1"
"14", "125", "2"
"14", "126", "3"
"14", "127", "4"
"14", "128", "5"
"14", "129", "6"
"14", "130", "7"
"14", "131", "8"
"14", "132", "9"
"14", "133", "10"
"14", "134", "11"
"14", "135", "12"
"14", "136", "13"
"14", "137", "14"
"14", "138", "15"
"14", "139", "16"
"14", "140", "17"
"14", "141", "18"
"14", "140", "19"
"14", "139", "20"
"14", "135", "21"
"14", "142", "22"
"14", "136", "23"
"14", "143", "24"
"14", "134", "25"
"14", "133", "26"
"14", "132", "27"
"14", "144", "28"
"14", "20", "29"
"14", "129", "30"
"14", "128", "31"
"14", "127", "32"
"14", "126", "33"
"14", "145", "34"
"14", "146", "35"
"16", "59", "1"
"16", "60", "2"
"16", "61", "3"
"16", "62", "4"
"16", "63", "5"
"16", "64", "6"
"16", "147", "7"
"16", "148", "8"
"16", "66", "9"
"16", "149", "10"
"16", "150", "11"
"16", "67", "12"
"16", "151", "13"
"16", "152", "14"
"16", "153", "15"
"16", "154", "16"
"16", "155", "17"
"16", "156", "18"
"16", "157", "19"
"16", "158", "20"
"16", "157", "21"
"16", "156", "22"
"16", "155", "23"
"16", "154", "24"
"16", "153", "25"
"16", "152", "26"
"16", "67", "27"
"16", "159", "28"
"16", "150", "29"
"16", "149", "30"
"16", "66", "31"
"16", "148", "32"
"16", "147", "33"
"16", "64", "34"
"16", "63", "35"
"16", "62", "36"
"16", "61", "37"
"16", "60", "38"
"21", "59", "1"
"21", "60", "2"
"21", "61", "3"
"21", "147", "4"
"21", "21", "5"
"21", "160", "6"
"21", "151", "7"
"21", "161", "8"
"21", "162", "9"
"21", "163", "10"
"21", "164", "11"
"21", "165", "12"
"21", "166", "13"
"21", "167", "14"
"21", "166", "15"
"21", "165", "16"
"21", "164", "17"
"21", "163", "18"
"21", "162", "19"
"21", "161", "20"
"21", "151", "21"
"21", "160", "22"
"21", "21", "23"
"21", "147", "24"
"21", "61", "25"
"21", "60", "26"
"23", "57", "1"
"23", "111", "2"
"23", "110", "3"
"23", "109", "4"
"23", "108", "5"
"23", "107", "6"
"23", "106", "7"
"23", "105", "8"
"23", "104", "9"
"23", "103", "10"
"23", "168", "11"
"23", "169", "12"
"23", "87", "13"
"23", "84", "14"
"23", "83", "15"
"23", "170", "16"
"23", "171", "17"
"23", "48", "18"
"23", "8", "19"
"23", "172", "20"
"23", "173", "21"
"23", "129", "22"
"23", "174", "23"
"23", "175", "24"
"23", "176", "25"
"23", "177", "26"
"23", "178", "27"
"23", "179", "28"
"23", "180", "29"
"23", "138", "30"
"23", "181", "31"
"23", "182", "32"
"23", "183", "33"
"23", "184", "34"
"23", "185", "35"
"23", "186", "36"
"23", "185", "37"
"23", "184", "38"
"23", "183", "39"
"23", "182", "40"
"23", "181", "41"
"23", "138", "42"
"23", "180", "43"
"23", "179", "44"
"23", "178", "45"
"23", "177", "46"
"23", "176", "47"
"23", "175", "48"
"23", "174", "49"
"23", "129", "50"
"23", "173", "51"
"23", "172", "52"
"23", "8", "53"
"23", "48", "54"
"23", "171", "55"
"23", "170", "56"
"23", "83", "57"
"23", "84", "58"
"23", "85", "59"
"23", "169", "60"
"23", "168", "61"
"23", "103", "62"
"23", "104", "63"
"23", "105", "64"
"23", "106", "65"
"23", "107", "66"
"23", "108", "67"
"23", "109", "68"
"23", "110", "69"
"23", "111", "70"
"24", "187", "1"
"24", "188", "2"
"24", "189", "3"
"24", "190", "4"
"24", "191", "5"
"24", "192", "6"
"24", "193", "7"
"24", "194", "8"
"24", "195", "9"
"24", "196", "10"
"24", "197", "11"
"24", "198", "12"
"24", "199", "13"
"24", "200", "14"
"24", "201", "15"
"24", "202", "16"
"24", "203", "17"
"24", "204", "18"
"24", "205", "19"
"24", "202", "20"
"24", "201", "21"
"24", "200", "22"
"24", "199", "23"
"24", "198", "24"
"24", "197", "25"
"24", "196", "26"
"24", "195", "27"
"24", "194", "28"
"24", "193", "29"
"24", "192", "30"
"24", "191", "31"
"24", "206", "32"
"24", "189", "33"
"24", "188", "34"
"25", "51", "1"
"25", "52", "2"
"25", "53", "3"
"25", "54", "4"
"25", "77", "5"
"25", "78", "6"
"25", "79", "7"
"25", "80", "8"
"25", "81", "9"
"25", "0", "10"
"25", "43", "11"
"25", "42", "12"
"25", "45", "13"
"25", "40", "14"
"25", "39", "15"
"25", "38", "16"
"25", "37", "17"
"25", "36", "18"
"25", "35", "19"
"25", "46", "20"
"25", "102", "21"
"25", "101", "22"
"25", "100", "23"
"25", "99", "24"
"25", "98", "25"
"25", "97", "26"
"25", "96", "27"
"25", "95", "28"
"25", "94", "29"
"25", "93", "30"
"25", "92", "31"
"25", "91", "32"
"25", "90", "33"
"25", "89", "34"
"25", "88", "35"
"25", "89", "36"
"25", "90", "37"
"25", "91", "38"
"25", "92", "39"
"25", "93", "40"
"25", "94", "41"
"25", "95", "42"
"25", "96", "43"
"25", "97", "44"
"25", "98", "45"
"25", "99", "46"
"25", "100", "47"
"25", "101", "48"
"25", "102", "49"
"25", "46", "50"
"25", "35", "51"
"25", "36", "52"
"25", "37", "53"
"25", "38", "54"
"25", "39", "55"
"25", "40", "56"
"25", "41", "57"
"25", "42", "58"
"25", "43", "59"
"25", "0", "60"
"25", "81", "61"
"25", "80", "62"
"25", "79", "63"
"25", "78", "64"
"25", "77", "65"
"25", "54", "66"
"25", "53", "67"
"25", "52", "68"
"27", "186", "1"
"27", "185", "2"
"27", "184", "3"
"27", "183", "4"
"27", "182", "5"
"27", "181", "6"
"27", "138", "7"
"27", "180", "8"
"27", "179", "9"
"27", "178", "10"
"27", "177", "11"
"27", "176", "12"
"27", "175", "13"
"27", "174", "14"
"27", "129", "15"
"27", "173", "16"
"27", "172", "17"
"27", "8", "18"
"27", "48", "19"
"27", "171", "20"
"27", "170", "21"
"27", "83", "22"
"27", "84", "23"
"27", "85", "24"
"27", "86", "25"
"27", "87", "26"
"27", "84", "27"
"27", "83", "28"
"27", "170", "29"
"27", "171", "30"
"27", "48", "31"
"27", "8", "32"
"27", "172", "33"
"27", "173", "34"
"27", "129", "35"
"27", "174", "36"
"27", "175", "37"
"27", "176", "38"
"27", "177", "39"
"27", "178", "40"
"27", "179", "41"
"27", "180", "42"
"27", "138", "43"
"27", "181", "44"
"27", "182", "45"
"27", "183", "46"
"27", "184", "47"
"27", "185", "48"
"32", "207", "1"
"32", "208", "2"
"32", "209", "3"
"32", "210", "4"
"32", "211", "5"
"32", "104", "6"
"32", "103", "7"
"32", "168", "8"
"32", "169", "9"
"32", "87", "10"
"32", "86", "11"
"32", "87", "12"
"32", "169", "13"
"32", "168", "14"
"32", "103", "15"
"32", "104", "16"
"32", "211", "17"
"32", "210", "18"
"32", "209", "19"
"32", "208", "20"
"35", "88", "1"
"35", "89", "2"
"35", "90", "3"
"35", "91", "4"
"35", "92", "5"
"35", "93", "6"
"35", "94", "7"
"35", "95", "8"
"35", "96", "9"
"35", "97", "10"
"35", "98", "11"
"35", "99", "12"
"35", "100", "13"
"35", "101", "14"
"35", "102", "15"
"35", "46", "16"
"35", "33", "17"
"35", "32", "18"
"35", "112", "19"
"35", "212", "20"
"35", "213", "21"
"35", "212", "22"
"35", "112", "23"
"35", "32", "24"
"35", "33", "25"
"35", "34", "26"
"35", "102", "27"
"35", "101", "28"
"35", "100", "29"
"35", "99", "30"
"35", "98", "31"
"35", "97", "32"
"35", "96", "33"
"35", "95", "34"
"35", "94", "35"
"35", "93", "36"
"35", "92", "37"
"35", "91", "38"
"35", "90", "39"
"35", "89", "40"
"36", "214", "1"
"36", "215", "2"
"36", "216", "3"
"36", "138", "4"
"36", "142", "5"
"36", "136", "6"
"36", "143", "7"
"36", "134", "8"
"36", "133", "9"
"36", "132", "10"
"36", "144", "11"
"36", "20", "12"
"36", "217", "13"
"36", "218", "14"
"36", "219", "15"
"36", "220", "16"
"36", "150", "17"
"36", "67", "18"
"36", "151", "19"
"36", "152", "20"
"36", "153", "21"
"36", "154", "22"
"36", "155", "23"
"36", "156", "24"
"36", "157", "25"
"36", "158", "26"
"36", "157", "27"
"36", "156", "28"
"36", "155", "29"
"36", "154", "30"
"36", "153", "31"
"36", "152", "32"
"36", "67", "33"
"36", "159", "34"
"36", "150", "35"
"36", "149", "36"
"36", "218", "37"
"36", "221", "38"
"36", "217", "39"
"36", "20", "40"
"36", "131", "41"
"36", "132", "42"
"36", "133", "43"
"36", "134", "44"
"36", "135", "45"
"36", "136", "46"
"36", "137", "47"
"36", "138", "48"
"36", "216", "49"
"36", "215", "50"
"40", "186", "1"
"40", "185", "2"
"40", "184", "3"
"40", "183", "4"
"40", "182", "5"
"40", "181", "6"
"40", "138", "7"
"40", "222", "8"
"40", "223", "9"
"40", "224", "10"
"40", "141", "11"
"40", "140", "12"
"40", "139", "13"
"40", "135", "14"
"40", "142", "15"
"40", "136", "16"
"40", "143", "17"
"40", "225", "18"
"40", "226", "19"
"40", "17", "20"
"40", "227", "21"
"40", "228", "22"
"40", "126", "23"
"40", "145", "24"
"40", "146", "25"
"40", "124", "26"
"40", "125", "27"
"40", "126", "28"
"40", "228", "29"
"40", "227", "30"
"40", "17", "31"
"40", "226", "32"
"40", "225", "33"
"40", "143", "34"
"40", "136", "35"
"40", "137", "36"
"40", "138", "37"
"40", "139", "38"
"40", "140", "39"
"40", "141", "40"
"40", "224", "41"
"40", "223", "42"
"40", "222", "43"
"40", "138", "44"
"40", "181", "45"
"40", "182", "46"
"40", "183", "47"
"40", "184", "48"
"40", "185", "49"
"41", "229", "1"
"41", "230", "2"
"41", "231", "3"
"41", "232", "4"
"41", "114", "5"
"41", "233", "6"
"41", "234", "7"
"41", "235", "8"
"41", "236", "9"
"41", "237", "10"
"41", "34", "11"
"41", "238", "12"
"41", "239", "13"
"41", "100", "14"
"41", "240", "15"
"41", "100", "16"
"41", "239", "17"
"41", "238", "18"
"41", "34", "19"
"41", "237", "20"
"41", "236", "21"
"41", "235", "22"
"41", "234", "23"
"41", "114", "24"
"41", "241", "25"
"41", "232", "26"
"41", "231", "27"
"41", "230", "28"
"42", "229", "1"
"42", "242", "2"
"42", "243", "3"
"42", "244", "4"
"42", "232", "5"
"42", "195", "6"
"42", "196", "7"
"42", "197", "8"
"42", "198", "9"
"42", "199", "10"
"42", "29", "11"
"42", "245", "12"
"42", "246", "13"
"42", "200", "14"
"42", "199", "15"
"42", "198", "16"
"42", "197", "17"
"42", "196", "18"
"42", "195", "19"
"42", "194", "20"
"42", "244", "21"
"42", "247", "22"
"42", "242", "23"
"44", "123", "1"
"44", "122", "2"
"44", "121", "3"
"44", "120", "4"
"44", "119", "5"
"44", "118", "6"
"44", "117", "7"
"44", "116", "8"
"44", "115", "9"
"44", "114", "10"
"44", "113", "11"
"44", "212", "12"
"44", "213", "13"
"44", "245", "14"
"44", "202", "15"
"44", "203", "16"
"44", "204", "17"
"44", "205", "18"
"44", "202", "19"
"44", "245", "20"
"44", "213", "21"
"44", "212", "22"
"44", "113", "23"
"44", "114", "24"
"44", "115", "25"
"44", "116", "26"
"44", "117", "27"
"44", "118", "28"
"44", "119", "29"
"44", "120", "30"
"44", "121", "31"
"44", "122", "32"
"45", "248", "1"
"45", "249", "2"
"45", "250", "3"
"45", "251", "4"
"45", "252", "5"
"45", "190", "6"
"45", "193", "7"
"45", "194", "8"
"45", "195", "9"
"45", "196", "10"
"45", "197", "11"
"45", "198", "12"
"45", "199", "13"
"45", "29", "14"
"45", "245", "15"
"45", "246", "16"
"45", "200", "17"
"45", "199", "18"
"45", "198", "19"
"45", "197", "20"
"45", "196", "21"
"45", "195", "22"
"45", "194", "23"
"45", "193", "24"
"45", "253", "25"
"45", "252", "26"
"45", "251", "27"
"45", "250", "28"
"45", "254", "29"
"46", "245", "1"
"46", "246", "2"
"46", "200", "3"
"46", "199", "4"
"46", "255", "5"
"46", "28", "6"
"46", "27", "7"
"46", "26", "8"
"46", "25", "9"
"46", "24", "10"
"46", "23", "11"
"46", "22", "12"
"46", "21", "13"
"46", "20", "14"
"46", "19", "15"
"46", "256", "16"
"46", "257", "17"
"46", "133", "18"
"46", "134", "19"
"46", "135", "20"
"46", "136", "21"
"46", "137", "22"
"46", "138", "23"
"46", "216", "24"
"46", "215", "25"
"46", "214", "26"
"46", "215", "27"
"46", "216", "28"
"46", "138", "29"
"46", "142", "30"
"46", "136", "31"
"46", "143", "32"
"46", "134", "33"
"46", "133", "34"
"46", "257", "35"
"46", "256", "36"
"46", "19", "37"
"46", "20", "38"
"46", "21", "39"
"46", "22", "40"
"46", "23", "41"
"46", "24", "42"
"46", "25", "43"
"46", "26", "44"
"46", "27", "45"
"46", "28", "46"
"46", "255", "47"
"46", "199", "48"
"46", "29", "49"
"47", "86", "1"
"47", "87", "2"
"47", "84", "3"
"47", "83", "4"
"47", "82", "5"
"47", "41", "6"
"47", "40", "7"
"47", "39", "8"
"47", "38", "9"
"47", "37", "10"
"47", "258", "11"
"47", "259", "12"
"47", "260", "13"
"47", "240", "14"
"47", "260", "15"
"47", "259", "16"
"47", "258", "17"
"47", "103", "18"
"47", "38", "19"
"47", "39", "20"
"47", "40", "21"
"47", "41", "22"
"47", "82", "23"
"47", "83", "24"
"47", "84", "25"
"47", "85", "26"
"56", "124", "1"
"56", "125", "2"
"56", "126", "3"
"56", "228", "4"
"56", "227", "5"
"56", "17", "6"
"56", "226", "7"
"56", "225", "8"
"56", "143", "9"
"56", "136", "10"
"56", "137", "11"
"56", "138", "12"
"56", "216", "13"
"56", "215", "14"
"56", "214", "15"
"56", "215", "16"
"56", "216", "17"
"56", "138", "18"
"56", "142", "19"
"56", "136", "20"
"56", "143", "21"
"56", "225", "22"
"56", "226", "23"
"56", "17", "24"
"56", "227", "25"
"56", "228", "26"
"56", "126", "27"
"56", "145", "28"
"56", "146", "29"
"61", "261", "1"
"61", "262", "2"
"61", "263", "3"
"61", "264", "4"
"61", "265", "5"
"61", "266", "6"
"61", "267", "7"
"61", "268", "8"
"61", "269", "9"
"61", "270", "10"
"61", "271", "11"
"61", "272", "12"
"61", "273", "13"
"61", "274", "14"
"61", "275", "15"
"61", "201", "16"
"61", "276", "17"
"61", "203", "18"
"61", "277", "19"
"61", "278", "20"
"61", "279", "21"
"61", "280", "22"
"61", "281", "23"
"61", "279", "24"
"61", "278", "25"
"61", "277", "26"
"61", "282", "27"
"61", "283", "28"
"61", "284", "29"
"61", "273", "30"
"61", "285", "31"
"61", "271", "32"
"61", "270", "33"
"61", "269", "34"
"61", "268", "35"
"61", "267", "36"
"61", "266", "37"
"61", "265", "38"
"61", "264", "39"
"61", "94", "40"
"61", "262", "41"
"62", "245", "1"
"62", "286", "2"
"62", "275", "3"
"62", "284", "4"
"62", "273", "5"
"62", "285", "6"
"62", "271", "7"
"62", "270", "8"
"62", "269", "9"
"62", "268", "10"
"62", "267", "11"
"62", "266", "12"
"62", "265", "13"
"62", "264", "14"
"62", "94", "15"
"62", "262", "16"
"62", "261", "17"
"62", "287", "18"
"62", "288", "19"
"62", "289", "20"
"62", "290", "21"
"62", "289", "22"
"62", "288", "23"
"62", "287", "24"
"62", "261", "25"
"62", "262", "26"
"62", "263", "27"
"62", "264", "28"
"62", "265", "29"
"62", "266", "30"
"62", "267", "31"
"62", "268", "32"
"62", "269", "33"
"62", "270", "34"
"62", "271", "35"
"62", "272", "36"
"62", "273", "37"
"62", "274", "38"
"62", "275", "39"
"62", "112", "40"
"62", "291", "41"
"62", "292", "42"
"65", "293", "1"
"65", "294", "2"
"65", "295", "3"
"65", "191", "4"
"65", "253", "5"
"65", "193", "6"
"65", "194", "7"
"65", "296", "8"
"65", "297", "9"
"65", "298", "10"
"65", "299", "11"
"65", "300", "12"
"65", "301", "13"
"65", "114", "14"
"65", "302", "15"
"65", "303", "16"
"65", "245", "17"
"65", "304", "18"
"65", "200", "19"
"65", "305", "20"
"65", "200", "21"
"65", "306", "22"
"65", "245", "23"
"65", "307", "24"
"65", "302", "25"
"65", "114", "26"
"65", "301", "27"
"65", "300", "28"
"65", "299", "29"
"65", "298", "30"
"65", "297", "31"
"65", "296", "32"
"65", "194", "33"
"65", "193", "34"
"65", "192", "35"
"65", "191", "36"
"65", "295", "37"
"65", "294", "38"
"66", "308", "1"
"66", "309", "2"
"66", "164", "3"
"66", "163", "4"
"66", "162", "5"
"66", "310", "6"
"66", "161", "7"
"66", "151", "8"
"66", "21", "9"
"66", "311", "10"
"66", "147", "11"
"66", "61", "12"
"66", "312", "13"
"66", "281", "14"
"66", "279", "15"
"66", "278", "16"
"66", "277", "17"
"66", "203", "18"
"66", "277", "19"
"66", "278", "20"
"66", "279", "21"
"66", "280", "22"
"66", "312", "23"
"66", "313", "24"
"66", "147", "25"
"66", "311", "26"
"66", "21", "27"
"66", "160", "28"
"66", "314", "29"
"66", "161", "30"
"66", "310", "31"
"66", "162", "32"
"66", "163", "33"
"66", "164", "34"
"66", "309", "35"
"69", "315", "1"
"69", "316", "2"
"69", "317", "3"
"69", "318", "4"
"69", "319", "5"
"69", "320", "6"
"69", "102", "7"
"69", "321", "8"
"69", "322", "9"
"69", "34", "10"
"69", "33", "11"
"69", "273", "12"
"69", "274", "13"
"69", "275", "14"
"69", "201", "15"
"69", "276", "16"
"69", "203", "17"
"69", "277", "18"
"69", "278", "19"
"69", "279", "20"
"69", "280", "21"
"69", "312", "22"
"69", "313", "23"
"69", "323", "24"
"69", "129", "25"
"69", "324", "26"
"69", "130", "27"
"69", "325", "28"
"69", "144", "29"
"69", "325", "30"
"69", "130", "31"
"69", "129", "32"
"69", "326", "33"
"69", "323", "34"
"69", "313", "35"
"69", "312", "36"
"69", "281", "37"
"69", "279", "38"
"69", "278", "39"
"69", "277", "40"
"69", "282", "41"
"69", "283", "42"
"69", "284", "43"
"69", "273", "44"
"69", "33", "45"
"69", "327", "46"
"69", "322", "47"
"69", "321", "48"
"69", "319", "49"
"69", "320", "50"
"69", "239", "51"
"69", "318", "52"
"69", "328", "53"
"69", "329", "54"
"70", "135", "1"
"70", "330", "2"
"70", "331", "3"
"70", "143", "4"
"70", "332", "5"
"70", "333", "6"
"70", "334", "7"
"70", "129", "8"
"70", "335", "9"
"70", "336", "10"
"70", "337", "11"
"70", "338", "12"
"70", "339", "13"
"70", "340", "14"
"70", "341", "15"
"70", "313", "16"
"70", "312", "17"
"70", "281", "18"
"70", "279", "19"
"70", "278", "20"
"70", "277", "21"
"70", "203", "22"
"70", "277", "23"
"70", "278", "24"
"70", "279", "25"
"70", "280", "26"
"70", "312", "27"
"70", "313", "28"
"70", "341", "29"
"70", "340", "30"
"70", "339", "31"
"70", "338", "32"
"70", "337", "33"
"70", "342", "34"
"70", "336", "35"
"70", "129", "36"
"70", "334", "37"
"70", "333", "38"
"70", "332", "39"
"70", "143", "40"
"70", "137", "41"
"70", "330", "42"
"73", "343", "1"
"73", "344", "2"
"73", "345", "3"
"73", "346", "4"
"73", "347", "5"
"73", "348", "6"
"73", "344", "7"
"73", "349", "8"
"73", "350", "9"
"73", "351", "10"
"73", "350", "11"
"73", "349", "12"
"73", "344", "13"
"73", "348", "14"
"73", "352", "15"
"73", "351", "16"
"73", "346", "17"
"73", "345", "18"
"73", "344", "19"
"77", "353", "1"
"77", "354", "2"
"77", "355", "3"
"77", "356", "4"
"77", "351", "5"
"77", "356", "6"
"77", "357", "7"
"77", "354", "8"
"79", "135", "1"
"79", "330", "2"
"79", "331", "3"
"79", "143", "4"
"79", "332", "5"
"79", "333", "6"
"79", "334", "7"
"79", "129", "8"
"79", "335", "9"
"79", "336", "10"
"79", "337", "11"
"79", "338", "12"
"79", "339", "13"
"79", "340", "14"
"79", "323", "15"
"79", "313", "16"
"79", "64", "17"
"79", "358", "18"
"79", "26", "19"
"79", "359", "20"
"79", "360", "21"
"79", "200", "22"
"79", "306", "23"
"79", "245", "24"
"79", "361", "25"
"79", "200", "26"
"79", "360", "27"
"79", "359", "28"
"79", "362", "29"
"79", "358", "30"
"79", "64", "31"
"79", "313", "32"
"79", "323", "33"
"79", "340", "34"
"79", "339", "35"
"79", "338", "36"
"79", "337", "37"
"79", "342", "38"
"79", "336", "39"
"79", "129", "40"
"79", "334", "41"
"79", "333", "42"
"79", "332", "43"
"79", "143", "44"
"79", "137", "45"
"79", "330", "46"
"85", "245", "1"
"85", "286", "2"
"85", "201", "3"
"85", "276", "4"
"85", "203", "5"
"85", "277", "6"
"85", "278", "7"
"85", "279", "8"
"85", "280", "9"
"85", "312", "10"
"85", "313", "11"
"85", "323", "12"
"85", "129", "13"
"85", "324", "14"
"85", "130", "15"
"85", "325", "16"
"85", "144", "17"
"85", "325", "18"
"85", "130", "19"
"85", "129", "20"
"85", "326", "21"
"85", "323", "22"
"85", "313", "23"
"85", "312", "24"
"85", "281", "25"
"85", "279", "26"
"85", "278", "27"
"85", "277", "28"
"85", "363", "29"
"85", "276", "30"
"85", "201", "31"
"85", "291", "32"
"85", "292", "33"
"86", "225", "1"
"86", "257", "2"
"86", "364", "3"
"86", "256", "4"
"86", "129", "5"
"86", "365", "6"
"86", "366", "7"
"86", "367", "8"
"86", "323", "9"
"86", "313", "10"
"86", "64", "11"
"86", "358", "12"
"86", "26", "13"
"86", "359", "14"
"86", "360", "15"
"86", "200", "16"
"86", "306", "17"
"86", "245", "18"
"86", "307", "19"
"86", "302", "20"
"86", "114", "21"
"86", "301", "22"
"86", "300", "23"
"86", "299", "24"
"86", "298", "25"
"86", "297", "26"
"86", "296", "27"
"86", "194", "28"
"86", "193", "29"
"86", "192", "30"
"86", "191", "31"
"86", "295", "32"
"86", "294", "33"
"86", "293", "34"
"86", "294", "35"
"86", "295", "36"
"86", "191", "37"
"86", "253", "38"
"86", "193", "39"
"86", "194", "40"
"86", "296", "41"
"86", "297", "42"
"86", "298", "43"
"86", "299", "44"
"86", "300", "45"
"86", "301", "46"
"86", "114", "47"
"86", "302", "48"
"86", "303", "49"
"86", "245", "50"
"86", "304", "51"
"86", "200", "52"
"86", "360", "53"
"86", "359", "54"
"86", "362", "55"
"86", "358", "56"
"86", "64", "57"
"86", "313", "58"
"86", "323", "59"
"86", "367", "60"
"86", "366", "61"
"86", "365", "62"
"86", "129", "63"
"86", "256", "64"
"86", "368", "65"
"86", "364", "66"
"86", "257", "67"
"90", "225", "1"
"90", "257", "2"
"90", "364", "3"
"90", "256", "4"
"90", "129", "5"
"90", "365", "6"
"90", "366", "7"
"90", "367", "8"
"90", "341", "9"
"90", "313", "10"
"90", "312", "11"
"90", "281", "12"
"90", "279", "13"
"90", "278", "14"
"90", "277", "15"
"90", "282", "16"
"90", "283", "17"
"90", "284", "18"
"90", "273", "19"
"90", "33", "20"
"90", "327", "21"
"90", "322", "22"
"90", "321", "23"
"90", "319", "24"
"90", "320", "25"
"90", "239", "26"
"90", "318", "27"
"90", "328", "28"
"90", "329", "29"
"90", "315", "30"
"90", "316", "31"
"90", "317", "32"
"90", "318", "33"
"90", "319", "34"
"90", "320", "35"
"90", "102", "36"
"90", "321", "37"
"90", "322", "38"
"90", "34", "39"
"90", "33", "40"
"90", "273", "41"
"90", "274", "42"
"90", "275", "43"
"90", "201", "44"
"90", "276", "45"
"90", "203", "46"
"90", "277", "47"
"90", "278", "48"
"90", "279", "49"
"90", "280", "50"
"90", "312", "51"
"90", "313", "52"
"90", "341", "53"
"90", "367", "54"
"90", "366", "55"
"90", "365", "56"
"90", "129", "57"
"90", "256", "58"
"90", "368", "59"
"90", "364", "60"
"90", "257", "61"
"91", "207", "1"
"91", "369", "2"
"91", "370", "3"
"91", "371", "4"
"91", "372", "5"
"91", "37", "6"
"91", "373", "7"
"91", "374", "8"
"91", "34", "9"
"91", "33", "10"
"91", "273", "11"
"91", "274", "12"
"91", "275", "13"
"91", "201", "14"
"91", "276", "15"
"91", "203", "16"
"91", "277", "17"
"91", "278", "18"
"91", "279", "19"
"91", "280", "20"
"91", "281", "21"
"91", "279", "22"
"91", "278", "23"
"91", "277", "24"
"91", "282", "25"
"91", "283", "26"
"91", "284", "27"
"91", "273", "28"
"91", "33", "29"
"91", "327", "30"
"91", "374", "31"
"91", "259", "32"
"91", "373", "33"
"91", "37", "34"
"91", "372", "35"
"91", "375", "36"
"91", "370", "37"
"91", "369", "38"
"93", "315", "1"
"93", "316", "2"
"93", "317", "3"
"93", "318", "4"
"93", "319", "5"
"93", "320", "6"
"93", "102", "7"
"93", "321", "8"
"93", "322", "9"
"93", "34", "10"
"93", "33", "11"
"93", "273", "12"
"93", "274", "13"
"93", "275", "14"
"93", "112", "15"
"93", "291", "16"
"93", "292", "17"
"93", "245", "18"
"93", "286", "19"
"93", "275", "20"
"93", "284", "21"
"93", "273", "22"
"93", "33", "23"
"93", "327", "24"
"93", "322", "25"
"93", "321", "26"
"93", "319", "27"
"93", "320", "28"
"93", "239", "29"
"93", "318", "30"
"93", "328", "31"
"93", "329", "32"
"96", "207", "1"
"96", "369", "2"
"96", "370", "3"
"96", "371", "4"
"96", "372", "5"
"96", "37", "6"
"96", "373", "7"
"96", "374", "8"
"96", "34", "9"
"96", "33", "10"
"96", "273", "11"
"96", "274", "12"
"96", "275", "13"
"96", "112", "14"
"96", "291", "15"
"96", "292", "16"
"96", "245", "17"
"96", "286", "18"
"96", "275", "19"
"96", "284", "20"
"96", "273", "21"
"96", "33", "22"
"96", "327", "23"
"96", "374", "24"
"96", "259", "25"
"96", "373", "26"
"96", "37", "27"
"96", "372", "28"
"96", "375", "29"
"96", "370", "30"
"96", "369", "31"
"101", "21", "1"
"101", "221", "2"
"101", "217", "3"
"101", "130", "4"
"101", "144", "5"
"101", "132", "6"
"101", "376", "7"
"101", "134", "8"
"101", "143", "9"
"101", "377", "10"
"101", "224", "11"
"101", "378", "12"
"101", "223", "13"
"101", "379", "14"
"101", "380", "15"
"101", "138", "16"
"101", "381", "17"
"101", "215", "18"
"101", "381", "19"
"101", "138", "20"
"101", "380", "21"
"101", "143", "22"
"101", "223", "23"
"101", "378", "24"
"101", "224", "25"
"101", "331", "26"
"101", "135", "27"
"101", "134", "28"
"101", "133", "29"
"101", "132", "30"
"101", "144", "31"
"101", "130", "32"
"101", "129", "33"
"101", "382", "34"
"102", "383", "1"
"102", "384", "2"
"102", "385", "3"
"102", "386", "4"
"102", "387", "5"
"102", "388", "6"
"102", "389", "7"
"102", "143", "8"
"102", "377", "9"
"102", "224", "10"
"102", "378", "11"
"102", "223", "12"
"102", "179", "13"
"102", "178", "14"
"102", "177", "15"
"102", "390", "16"
"102", "391", "17"
"102", "390", "18"
"102", "177", "19"
"102", "178", "20"
"102", "179", "21"
"102", "223", "22"
"102", "378", "23"
"102", "224", "24"
"102", "143", "25"
"102", "137", "26"
"102", "330", "27"
"102", "135", "28"
"102", "388", "29"
"102", "387", "30"
"102", "386", "31"
"102", "385", "32"
"103", "214", "1"
"103", "392", "2"
"103", "393", "3"
"103", "394", "4"
"103", "395", "5"
"103", "396", "6"
"103", "397", "7"
"103", "398", "8"
"103", "399", "9"
"103", "400", "10"
"103", "401", "11"
"103", "402", "12"
"103", "401", "13"
"103", "403", "14"
"103", "399", "15"
"103", "398", "16"
"103", "397", "17"
"103", "404", "18"
"103", "395", "19"
"103", "394", "20"
"103", "392", "21"
"104", "383", "1"
"104", "384", "2"
"104", "385", "3"
"104", "405", "4"
"104", "406", "5"
"104", "133", "6"
"104", "132", "7"
"104", "257", "8"
"104", "364", "9"
"104", "256", "10"
"104", "18", "11"
"104", "17", "12"
"104", "174", "13"
"104", "407", "14"
"104", "408", "15"
"104", "341", "16"
"104", "409", "17"
"104", "410", "18"
"104", "86", "19"
"104", "411", "20"
"104", "412", "21"
"104", "413", "22"
"104", "414", "23"
"104", "415", "24"
"104", "416", "25"
"104", "417", "26"
"104", "414", "27"
"104", "413", "28"
"104", "411", "29"
"104", "418", "30"
"104", "410", "31"
"104", "409", "32"
"104", "341", "33"
"104", "408", "34"
"104", "407", "35"
"104", "174", "36"
"104", "17", "37"
"104", "419", "38"
"104", "129", "39"
"104", "256", "40"
"104", "368", "41"
"104", "364", "42"
"104", "257", "43"
"104", "132", "44"
"104", "133", "45"
"104", "142", "46"
"104", "405", "47"
"104", "385", "48"
"105", "96", "1"
"105", "420", "2"
"105", "328", "3"
"105", "421", "4"
"105", "100", "5"
"105", "239", "6"
"105", "422", "7"
"105", "423", "8"
"105", "321", "9"
"105", "322", "10"
"105", "34", "11"
"105", "33", "12"
"105", "424", "13"
"105", "425", "14"
"105", "112", "15"
"105", "213", "16"
"105", "245", "17"
"105", "307", "18"
"105", "302", "19"
"105", "114", "20"
"105", "301", "21"
"105", "300", "22"
"105", "299", "23"
"105", "298", "24"
"105", "297", "25"
"105", "296", "26"
"105", "194", "27"
"105", "195", "28"
"105", "243", "29"
"105", "426", "30"
"105", "242", "31"
"105", "427", "32"
"105", "229", "33"
"105", "242", "34"
"105", "426", "35"
"105", "243", "36"
"105", "195", "37"
"105", "194", "38"
"105", "296", "39"
"105", "297", "40"
"105", "298", "41"
"105", "299", "42"
"105", "300", "43"
"105", "301", "44"
"105", "114", "45"
"105", "302", "46"
"105", "303", "47"
"105", "245", "48"
"105", "213", "49"
"105", "212", "50"
"105", "428", "51"
"105", "424", "52"
"105", "33", "53"
"105", "327", "54"
"105", "322", "55"
"105", "321", "56"
"105", "429", "57"
"105", "422", "58"
"105", "239", "59"
"105", "100", "60"
"105", "421", "61"
"105", "430", "62"
"105", "420", "63"
"106", "269", "1"
"106", "268", "2"
"106", "267", "3"
"106", "266", "4"
"106", "431", "5"
"106", "432", "6"
"106", "433", "7"
"106", "264", "8"
"106", "434", "9"
"106", "435", "10"
"106", "436", "11"
"106", "437", "12"
"106", "438", "13"
"106", "439", "14"
"106", "440", "15"
"106", "441", "16"
"106", "436", "17"
"106", "435", "18"
"106", "434", "19"
"106", "442", "20"
"106", "433", "21"
"106", "432", "22"
"106", "443", "23"
"106", "444", "24"
"112", "445", "1"
"112", "446", "2"
"112", "447", "3"
"112", "448", "4"
"112", "449", "5"
"112", "450", "6"
"112", "451", "7"
"112", "75", "8"
"112", "76", "9"
"112", "452", "10"
"112", "453", "11"
"112", "454", "12"
"112", "455", "13"
"112", "456", "14"
"112", "457", "15"
"112", "458", "16"
"112", "459", "17"
"112", "293", "18"
"112", "460", "19"
"112", "206", "20"
"112", "443", "21"
"112", "461", "22"
"112", "462", "23"
"112", "463", "24"
"112", "464", "25"
"112", "465", "26"
"112", "466", "27"
"112", "465", "28"
"112", "467", "29"
"112", "468", "30"
"112", "248", "31"
"112", "469", "32"
"112", "470", "33"
"112", "471", "34"
"112", "470", "35"
"112", "472", "36"
"112", "248", "37"
"112", "468", "38"
"112", "467", "39"
"112", "473", "40"
"112", "462", "41"
"112", "461", "42"
"112", "443", "43"
"112", "206", "44"
"112", "460", "45"
"112", "293", "46"
"112", "458", "47"
"112", "457", "48"
"112", "456", "49"
"112", "455", "50"
"112", "474", "51"
"112", "453", "52"
"112", "475", "53"
"112", "76", "54"
"112", "476", "55"
"112", "477", "56"
"112", "72", "57"
"112", "449", "58"
"112", "448", "59"
"112", "447", "60"
"112", "446", "61"
"116", "478", "1"
"116", "418", "2"
"116", "479", "3"
"116", "3", "4"
"116", "2", "5"
"116", "1", "6"
"116", "480", "7"
"116", "44", "8"
"116", "481", "9"
"116", "356", "10"
"116", "482", "11"
"116", "483", "12"
"116", "355", "13"
"116", "484", "14"
"116", "485", "15"
"116", "343", "16"
"116", "486", "17"
"116", "487", "18"
"116", "357", "19"
"116", "54", "20"
"116", "488", "21"
"116", "489", "22"
"116", "51", "23"
"116", "490", "24"
"116", "51", "25"
"116", "489", "26"
"116", "54", "27"
"116", "357", "28"
"116", "487", "29"
"116", "486", "30"
"116", "491", "31"
"116", "485", "32"
"116", "484", "33"
"116", "352", "34"
"116", "483", "35"
"116", "482", "36"
"116", "356", "37"
"116", "481", "38"
"116", "44", "39"
"116", "480", "40"
"116", "1", "41"
"116", "2", "42"
"116", "3", "43"
"116", "479", "44"
"116", "410", "45"
"116", "492", "46"
"116", "493", "47"
"117", "494", "1"
"117", "495", "2"
"117", "105", "3"
"117", "496", "4"
"117", "394", "5"
"117", "497", "6"
"117", "498", "7"
"117", "499", "8"
"117", "104", "9"
"117", "500", "10"
"117", "103", "11"
"117", "501", "12"
"117", "168", "13"
"117", "169", "14"
"117", "87", "15"
"117", "86", "16"
"117", "410", "17"
"117", "492", "18"
"117", "493", "19"
"117", "478", "20"
"117", "418", "21"
"117", "87", "22"
"117", "169", "23"
"117", "168", "24"
"117", "41", "25"
"117", "103", "26"
"117", "500", "27"
"117", "502", "28"
"117", "104", "29"
"117", "499", "30"
"117", "498", "31"
"117", "497", "32"
"117", "394", "33"
"117", "496", "34"
"117", "495", "35"
"122", "503", "1"
"122", "278", "2"
"122", "277", "3"
"122", "282", "4"
"122", "504", "5"
"122", "274", "6"
"122", "505", "7"
"122", "506", "8"
"122", "507", "9"
"122", "508", "10"
"122", "103", "11"
"122", "258", "12"
"122", "211", "13"
"122", "260", "14"
"122", "509", "15"
"122", "510", "16"
"122", "100", "17"
"122", "421", "18"
"122", "430", "19"
"122", "420", "20"
"122", "96", "21"
"122", "511", "22"
"122", "512", "23"
"122", "513", "24"
"122", "514", "25"
"122", "515", "26"
"122", "516", "27"
"122", "517", "28"
"122", "516", "29"
"122", "515", "30"
"122", "514", "31"
"122", "513", "32"
"122", "512", "33"
"122", "511", "34"
"122", "96", "35"
"122", "420", "36"
"122", "328", "37"
"122", "421", "38"
"122", "100", "39"
"122", "240", "40"
"122", "509", "41"
"122", "260", "42"
"122", "211", "43"
"122", "258", "44"
"122", "103", "45"
"122", "518", "46"
"122", "519", "47"
"122", "520", "48"
"122", "274", "49"
"122", "521", "50"
"122", "283", "51"
"122", "363", "52"
"122", "522", "53"
"122", "204", "54"
"122", "523", "55"
"123", "245", "1"
"123", "286", "2"
"123", "275", "3"
"123", "504", "4"
"123", "416", "5"
"123", "417", "6"
"123", "414", "7"
"123", "413", "8"
"123", "411", "9"
"123", "418", "10"
"123", "410", "11"
"123", "409", "12"
"123", "341", "13"
"123", "408", "14"
"123", "9", "15"
"123", "524", "16"
"123", "11", "17"
"123", "12", "18"
"123", "525", "19"
"123", "526", "20"
"123", "527", "21"
"123", "391", "22"
"123", "527", "23"
"123", "526", "24"
"123", "525", "25"
"123", "129", "26"
"123", "11", "27"
"123", "524", "28"
"123", "9", "29"
"123", "408", "30"
"123", "341", "31"
"123", "409", "32"
"123", "410", "33"
"123", "86", "34"
"123", "411", "35"
"123", "412", "36"
"123", "413", "37"
"123", "414", "38"
"123", "415", "39"
"123", "283", "40"
"123", "275", "41"
"123", "201", "42"
"123", "528", "43"
"123", "112", "44"
"123", "213", "45"
"124", "415", "1"
"124", "416", "2"
"124", "417", "3"
"124", "414", "4"
"124", "413", "5"
"124", "411", "6"
"124", "418", "7"
"124", "410", "8"
"124", "409", "9"
"124", "341", "10"
"124", "408", "11"
"124", "9", "12"
"124", "524", "13"
"124", "11", "14"
"124", "12", "15"
"124", "525", "16"
"124", "526", "17"
"124", "529", "18"
"124", "530", "19"
"124", "531", "20"
"124", "532", "21"
"124", "533", "22"
"124", "534", "23"
"124", "535", "24"
"124", "532", "25"
"124", "531", "26"
"124", "536", "27"
"124", "530", "28"
"124", "537", "29"
"124", "538", "30"
"124", "539", "31"
"124", "540", "32"
"124", "541", "33"
"124", "542", "34"
"124", "129", "35"
"124", "11", "36"
"124", "524", "37"
"124", "9", "38"
"124", "408", "39"
"124", "341", "40"
"124", "409", "41"
"124", "410", "42"
"124", "86", "43"
"124", "411", "44"
"124", "412", "45"
"124", "413", "46"
"124", "414", "47"
"125", "543", "1"
"125", "544", "2"
"125", "545", "3"
"125", "546", "4"
"125", "547", "5"
"125", "548", "6"
"125", "549", "7"
"125", "351", "8"
"125", "350", "9"
"125", "347", "10"
"125", "550", "11"
"125", "551", "12"
"125", "552", "13"
"125", "553", "14"
"125", "554", "15"
"125", "555", "16"
"125", "556", "17"
"125", "557", "18"
"125", "558", "19"
"125", "559", "20"
"125", "560", "21"
"125", "561", "22"
"125", "559", "23"
"125", "558", "24"
"125", "557", "25"
"125", "556", "26"
"125", "555", "27"
"125", "554", "28"
"125", "562", "29"
"125", "552", "30"
"125", "551", "31"
"125", "563", "32"
"125", "550", "33"
"125", "347", "34"
"125", "350", "35"
"125", "564", "36"
"125", "549", "37"
"125", "548", "38"
"125", "547", "39"
"125", "546", "40"
"125", "545", "41"
"125", "544", "42"
"126", "359", "1"
"126", "565", "2"
"126", "566", "3"
"126", "306", "4"
"126", "567", "5"
"126", "201", "6"
"126", "363", "7"
"126", "504", "8"
"126", "274", "9"
"126", "508", "10"
"126", "259", "11"
"126", "374", "12"
"126", "322", "13"
"126", "321", "14"
"126", "319", "15"
"126", "320", "16"
"126", "239", "17"
"126", "568", "18"
"126", "240", "19"
"126", "510", "20"
"126", "100", "21"
"126", "319", "22"
"126", "320", "23"
"126", "102", "24"
"126", "321", "25"
"126", "322", "26"
"126", "374", "27"
"126", "35", "28"
"126", "520", "29"
"126", "274", "30"
"126", "521", "31"
"126", "283", "32"
"126", "363", "33"
"126", "522", "34"
"126", "204", "35"
"126", "569", "36"
"131", "359", "1"
"131", "570", "2"
"131", "571", "3"
"131", "572", "4"
"131", "573", "5"
"131", "574", "6"
"131", "575", "7"
"131", "576", "8"
"131", "229", "9"
"131", "577", "10"
"131", "578", "11"
"131", "579", "12"
"131", "580", "13"
"131", "579", "14"
"131", "578", "15"
"131", "577", "16"
"131", "229", "17"
"131", "576", "18"
"131", "575", "19"
"131", "574", "20"
"131", "581", "21"
"131", "572", "22"
"131", "66", "23"
"131", "570", "24"
"133", "213", "1"
"133", "212", "2"
"133", "528", "3"
"133", "286", "4"
"133", "291", "5"
"133", "292", "6"
"133", "245", "7"
"133", "246", "8"
"133", "582", "9"
"133", "360", "10"
"133", "359", "11"
"133", "362", "12"
"133", "358", "13"
"133", "64", "14"
"133", "313", "15"
"133", "323", "16"
"133", "126", "17"
"133", "493", "18"
"133", "583", "19"
"133", "7", "20"
"133", "6", "21"
"133", "5", "22"
"133", "4", "23"
"133", "584", "24"
"133", "585", "25"
"133", "129", "26"
"133", "586", "27"
"133", "585", "28"
"133", "584", "29"
"133", "4", "30"
"133", "5", "31"
"133", "6", "32"
"133", "7", "33"
"133", "583", "34"
"133", "493", "35"
"133", "126", "36"
"133", "323", "37"
"133", "313", "38"
"133", "64", "39"
"133", "358", "40"
"133", "26", "41"
"133", "359", "42"
"133", "360", "43"
"133", "306", "44"
"133", "567", "45"
"133", "291", "46"
"133", "245", "47"
"135", "445", "1"
"135", "446", "2"
"135", "447", "3"
"135", "448", "4"
"135", "449", "5"
"135", "154", "6"
"135", "587", "7"
"135", "588", "8"
"135", "589", "9"
"135", "590", "10"
"135", "66", "11"
"135", "591", "12"
"135", "65", "13"
"135", "64", "14"
"135", "313", "15"
"135", "323", "16"
"135", "367", "17"
"135", "19", "18"
"135", "18", "19"
"135", "16", "20"
"135", "15", "21"
"135", "14", "22"
"135", "12", "23"
"135", "525", "24"
"135", "526", "25"
"135", "527", "26"
"135", "391", "27"
"135", "527", "28"
"135", "526", "29"
"135", "525", "30"
"135", "12", "31"
"135", "14", "32"
"135", "15", "33"
"135", "16", "34"
"135", "419", "35"
"135", "19", "36"
"135", "367", "37"
"135", "323", "38"
"135", "313", "39"
"135", "64", "40"
"135", "358", "41"
"135", "147", "42"
"135", "592", "43"
"135", "590", "44"
"135", "593", "45"
"135", "69", "46"
"135", "587", "47"
"135", "154", "48"
"135", "449", "49"
"135", "448", "50"
"135", "447", "51"
"135", "446", "52"
"136", "594", "1"
"136", "595", "2"
"136", "596", "3"
"136", "597", "4"
"136", "94", "5"
"136", "93", "6"
"136", "263", "7"
"136", "264", "8"
"136", "265", "9"
"136", "266", "10"
"136", "267", "11"
"136", "268", "12"
"136", "269", "13"
"136", "270", "14"
"136", "271", "15"
"136", "272", "16"
"136", "273", "17"
"136", "505", "18"
"136", "506", "19"
"136", "507", "20"
"136", "508", "21"
"136", "598", "22"
"136", "599", "23"
"136", "600", "24"
"136", "601", "25"
"136", "414", "26"
"136", "413", "27"
"136", "37", "28"
"136", "599", "29"
"136", "600", "30"
"136", "598", "31"
"136", "518", "32"
"136", "519", "33"
"136", "602", "34"
"136", "273", "35"
"136", "285", "36"
"136", "271", "37"
"136", "270", "38"
"136", "269", "39"
"136", "268", "40"
"136", "267", "41"
"136", "266", "42"
"136", "265", "43"
"136", "264", "44"
"136", "603", "45"
"136", "93", "46"
"136", "94", "47"
"136", "597", "48"
"136", "596", "49"
"136", "595", "50"
"137", "604", "1"
"137", "558", "2"
"137", "605", "3"
"137", "290", "4"
"137", "289", "5"
"137", "288", "6"
"137", "287", "7"
"137", "261", "8"
"137", "262", "9"
"137", "263", "10"
"137", "264", "11"
"137", "265", "12"
"137", "266", "13"
"137", "606", "14"
"137", "607", "15"
"137", "97", "16"
"137", "98", "17"
"137", "394", "18"
"137", "100", "19"
"137", "101", "20"
"137", "102", "21"
"137", "285", "22"
"137", "35", "23"
"137", "520", "24"
"137", "274", "25"
"137", "521", "26"
"137", "283", "27"
"137", "363", "28"
"137", "522", "29"
"137", "204", "30"
"137", "523", "31"
"137", "503", "32"
"137", "278", "33"
"137", "277", "34"
"137", "282", "35"
"137", "504", "36"
"137", "274", "37"
"137", "508", "38"
"137", "35", "39"
"137", "285", "40"
"137", "102", "41"
"137", "101", "42"
"137", "100", "43"
"137", "394", "44"
"137", "98", "45"
"137", "97", "46"
"137", "607", "47"
"137", "606", "48"
"137", "266", "49"
"137", "265", "50"
"137", "264", "51"
"137", "94", "52"
"137", "262", "53"
"137", "261", "54"
"137", "287", "55"
"137", "288", "56"
"137", "289", "57"
"137", "290", "58"
"138", "608", "1"
"138", "609", "2"
"138", "289", "3"
"138", "288", "4"
"138", "287", "5"
"138", "261", "6"
"138", "262", "7"
"138", "263", "8"
"138", "264", "9"
"138", "265", "10"
"138", "266", "11"
"138", "606", "12"
"138", "607", "13"
"138", "97", "14"
"138", "98", "15"
"138", "394", "16"
"138", "100", "17"
"138", "101", "18"
"138", "102", "19"
"138", "285", "20"
"138", "35", "21"
"138", "520", "22"
"138", "274", "23"
"138", "521", "24"
"138", "283", "25"
"138", "363", "26"
"138", "522", "27"
"138", "204", "28"
"138", "523", "29"
"138", "503", "30"
"138", "278", "31"
"138", "277", "32"
"138", "282", "33"
"138", "504", "34"
"138", "274", "35"
"138", "508", "36"
"138", "35", "37"
"138", "285", "38"
"138", "102", "39"
"138", "101", "40"
"138", "100", "41"
"138", "394", "42"
"138", "98", "43"
"138", "97", "44"
"138", "607", "45"
"138", "606", "46"
"138", "266", "47"
"138", "265", "48"
"138", "264", "49"
"138", "94", "50"
"138", "262", "51"
"138", "261", "52"
"138", "287", "53"
"138", "288", "54"
"138", "610", "55"
"138", "609", "56"
"139", "57", "1"
"139", "111", "2"
"139", "110", "3"
"139", "611", "4"
"139", "107", "5"
"139", "105", "6"
"139", "612", "7"
"139", "210", "8"
"139", "209", "9"
"139", "394", "10"
"139", "211", "11"
"139", "37", "12"
"139", "373", "13"
"139", "374", "14"
"139", "34", "15"
"139", "33", "16"
"139", "273", "17"
"139", "259", "18"
"139", "373", "19"
"139", "37", "20"
"139", "209", "21"
"139", "394", "22"
"139", "613", "23"
"139", "210", "24"
"139", "614", "25"
"139", "105", "26"
"139", "107", "27"
"139", "611", "28"
"139", "110", "29"
"139", "111", "30"
"141", "57", "1"
"141", "111", "2"
"141", "110", "3"
"141", "611", "4"
"141", "615", "5"
"141", "616", "6"
"141", "43", "7"
"141", "44", "8"
"141", "481", "9"
"141", "356", "10"
"141", "482", "11"
"141", "483", "12"
"141", "355", "13"
"141", "484", "14"
"141", "485", "15"
"141", "343", "16"
"141", "356", "17"
"141", "564", "18"
"141", "549", "19"
"141", "548", "20"
"141", "547", "21"
"141", "546", "22"
"141", "545", "23"
"141", "544", "24"
"141", "543", "25"
"141", "544", "26"
"141", "545", "27"
"141", "546", "28"
"141", "547", "29"
"141", "548", "30"
"141", "549", "31"
"141", "351", "32"
"141", "617", "33"
"141", "491", "34"
"141", "485", "35"
"141", "484", "36"
"141", "352", "37"
"141", "483", "38"
"141", "482", "39"
"141", "356", "40"
"141", "481", "41"
"141", "44", "42"
"141", "43", "43"
"141", "616", "44"
"141", "615", "45"
"141", "611", "46"
"141", "110", "47"
"141", "111", "48"
"143", "21", "1"
"143", "160", "2"
"143", "314", "3"
"143", "161", "4"
"143", "618", "5"
"143", "619", "6"
"143", "620", "7"
"143", "621", "8"
"143", "394", "9"
"143", "622", "10"
"143", "157", "11"
"143", "144", "12"
"143", "130", "13"
"143", "325", "14"
"143", "144", "15"
"143", "157", "16"
"143", "622", "17"
"143", "394", "18"
"143", "623", "19"
"143", "620", "20"
"143", "619", "21"
"143", "618", "22"
"143", "161", "23"
"143", "151", "24"
"149", "580", "1"
"149", "579", "2"
"149", "453", "3"
"149", "454", "4"
"149", "455", "5"
"149", "456", "6"
"149", "457", "7"
"149", "458", "8"
"149", "624", "9"
"149", "625", "10"
"149", "626", "11"
"149", "229", "12"
"149", "626", "13"
"149", "625", "14"
"149", "624", "15"
"149", "458", "16"
"149", "457", "17"
"149", "456", "18"
"149", "455", "19"
"149", "474", "20"
"149", "453", "21"
"149", "579", "22"
"162", "627", "1"
"162", "628", "2"
"162", "629", "3"
"162", "630", "4"
"162", "123", "5"
"162", "122", "6"
"162", "121", "7"
"162", "120", "8"
"162", "119", "9"
"162", "118", "10"
"162", "117", "11"
"162", "631", "12"
"162", "394", "13"
"162", "632", "14"
"162", "233", "15"
"162", "234", "16"
"162", "633", "17"
"162", "114", "18"
"162", "634", "19"
"162", "112", "20"
"162", "213", "21"
"162", "212", "22"
"162", "635", "23"
"162", "636", "24"
"162", "633", "25"
"162", "234", "26"
"162", "637", "27"
"162", "632", "28"
"162", "394", "29"
"162", "631", "30"
"162", "117", "31"
"162", "118", "32"
"162", "119", "33"
"162", "120", "34"
"162", "121", "35"
"162", "122", "36"
"162", "123", "37"
"162", "630", "38"
"162", "629", "39"
"162", "628", "40"
"163", "638", "1"
"163", "639", "2"
"163", "638", "3"
"163", "640", "4"
"163", "641", "5"
"163", "642", "6"
"163", "643", "7"
"163", "123", "8"
"163", "122", "9"
"163", "121", "10"
"163", "120", "11"
"163", "119", "12"
"163", "118", "13"
"163", "117", "14"
"163", "631", "15"
"163", "394", "16"
"163", "632", "17"
"163", "233", "18"
"163", "234", "19"
"163", "633", "20"
"163", "114", "21"
"163", "634", "22"
"163", "528", "23"
"163", "286", "24"
"163", "201", "25"
"163", "276", "26"
"163", "203", "27"
"163", "282", "28"
"163", "283", "29"
"163", "201", "30"
"163", "286", "31"
"163", "528", "32"
"163", "212", "33"
"163", "635", "34"
"163", "636", "35"
"163", "633", "36"
"163", "234", "37"
"163", "637", "38"
"163", "632", "39"
"163", "394", "40"
"163", "631", "41"
"163", "117", "42"
"163", "118", "43"
"163", "119", "44"
"163", "120", "45"
"163", "121", "46"
"163", "122", "47"
"163", "123", "48"
"163", "643", "49"
"163", "642", "50"
"163", "641", "51"
"163", "640", "52"
"168", "359", "1"
"168", "360", "2"
"168", "306", "3"
"168", "567", "4"
"168", "201", "5"
"168", "363", "6"
"168", "504", "7"
"168", "274", "8"
"168", "508", "9"
"168", "259", "10"
"168", "374", "11"
"168", "322", "12"
"168", "321", "13"
"168", "429", "14"
"168", "422", "15"
"168", "644", "16"
"168", "98", "17"
"168", "645", "18"
"168", "329", "19"
"168", "315", "20"
"168", "646", "21"
"168", "647", "22"
"168", "648", "23"
"168", "647", "24"
"168", "649", "25"
"168", "650", "26"
"168", "315", "27"
"168", "651", "28"
"168", "645", "29"
"168", "98", "30"
"168", "644", "31"
"168", "422", "32"
"168", "423", "33"
"168", "321", "34"
"168", "322", "35"
"168", "374", "36"
"168", "35", "37"
"168", "520", "38"
"168", "274", "39"
"168", "521", "40"
"168", "283", "41"
"168", "363", "42"
"168", "522", "43"
"168", "204", "44"
"168", "569", "45"
"173", "43", "1"
"173", "42", "2"
"173", "45", "3"
"173", "40", "4"
"173", "168", "5"
"173", "103", "6"
"173", "104", "7"
"173", "652", "8"
"173", "258", "9"
"173", "211", "10"
"173", "260", "11"
"173", "509", "12"
"173", "510", "13"
"173", "100", "14"
"173", "239", "15"
"173", "318", "16"
"173", "328", "17"
"173", "329", "18"
"173", "315", "19"
"173", "316", "20"
"173", "317", "21"
"173", "318", "22"
"173", "239", "23"
"173", "568", "24"
"173", "240", "25"
"173", "509", "26"
"173", "260", "27"
"173", "211", "28"
"173", "258", "29"
"173", "652", "30"
"173", "39", "31"
"173", "103", "32"
"173", "168", "33"
"173", "40", "34"
"173", "653", "35"
"173", "42", "36"
"178", "608", "1"
"178", "288", "2"
"178", "287", "3"
"178", "261", "4"
"178", "262", "5"
"178", "263", "6"
"178", "33", "7"
"178", "654", "8"
"178", "434", "9"
"178", "442", "10"
"178", "433", "11"
"178", "432", "12"
"178", "443", "13"
"178", "444", "14"
"178", "236", "15"
"178", "235", "16"
"178", "234", "17"
"178", "633", "18"
"178", "114", "19"
"178", "634", "20"
"178", "112", "21"
"178", "213", "22"
"178", "245", "23"
"178", "655", "24"
"178", "522", "25"
"178", "204", "26"
"178", "656", "27"
"178", "283", "28"
"178", "306", "29"
"178", "567", "30"
"178", "291", "31"
"178", "245", "32"
"178", "213", "33"
"178", "212", "34"
"178", "634", "35"
"178", "114", "36"
"178", "633", "37"
"178", "234", "38"
"178", "235", "39"
"178", "236", "40"
"178", "444", "41"
"178", "443", "42"
"178", "432", "43"
"178", "433", "44"
"178", "264", "45"
"178", "434", "46"
"178", "654", "47"
"178", "33", "48"
"178", "94", "49"
"178", "262", "50"
"178", "261", "51"
"178", "287", "52"
"178", "657", "53"
"182", "245", "1"
"182", "658", "2"
"182", "659", "3"
"182", "30", "4"
"182", "29", "5"
"182", "28", "6"
"182", "571", "7"
"182", "572", "8"
"182", "573", "9"
"182", "660", "10"
"182", "661", "11"
"182", "662", "12"
"182", "448", "13"
"182", "663", "14"
"182", "68", "15"
"182", "67", "16"
"182", "664", "17"
"182", "665", "18"
"182", "220", "19"
"182", "666", "20"
"182", "151", "21"
"182", "667", "22"
"182", "314", "23"
"182", "161", "24"
"182", "310", "25"
"182", "162", "26"
"182", "163", "27"
"182", "668", "28"
"182", "669", "29"
"182", "308", "30"
"182", "670", "31"
"182", "671", "32"
"182", "670", "33"
"182", "308", "34"
"182", "669", "35"
"182", "672", "36"
"182", "163", "37"
"182", "162", "38"
"182", "310", "39"
"182", "161", "40"
"182", "151", "41"
"182", "667", "42"
"182", "673", "43"
"182", "666", "44"
"182", "220", "45"
"182", "665", "46"
"182", "664", "47"
"182", "68", "48"
"182", "69", "49"
"182", "661", "50"
"182", "660", "51"
"182", "573", "52"
"182", "572", "53"
"182", "66", "54"
"182", "28", "55"
"182", "29", "56"
"182", "30", "57"
"182", "303", "58"
"185", "240", "1"
"185", "510", "2"
"185", "100", "3"
"185", "421", "4"
"185", "674", "5"
"185", "675", "6"
"185", "676", "7"
"185", "677", "8"
"185", "678", "9"
"185", "674", "10"
"185", "421", "11"
"185", "100", "12"
"202", "391", "1"
"202", "527", "2"
"202", "526", "3"
"202", "529", "4"
"202", "530", "5"
"202", "531", "6"
"202", "532", "7"
"202", "535", "8"
"202", "550", "9"
"202", "347", "10"
"202", "350", "11"
"202", "351", "12"
"202", "617", "13"
"202", "486", "14"
"202", "487", "15"
"202", "357", "16"
"202", "54", "17"
"202", "488", "18"
"202", "489", "19"
"202", "51", "20"
"202", "490", "21"
"202", "51", "22"
"202", "489", "23"
"202", "54", "24"
"202", "357", "25"
"202", "487", "26"
"202", "486", "27"
"202", "356", "28"
"202", "351", "29"
"202", "350", "30"
"202", "347", "31"
"202", "550", "32"
"202", "535", "33"
"202", "532", "34"
"202", "531", "35"
"202", "536", "36"
"202", "530", "37"
"202", "529", "38"
"202", "526", "39"
"202", "527", "40"
"205", "679", "1"
"205", "680", "2"
"205", "681", "3"
"205", "682", "4"
"205", "683", "5"
"205", "684", "6"
"205", "685", "7"
"205", "686", "8"
"205", "474", "9"
"205", "453", "10"
"205", "452", "11"
"205", "578", "12"
"205", "577", "13"
"205", "229", "14"
"205", "576", "15"
"205", "575", "16"
"205", "687", "17"
"205", "196", "18"
"205", "688", "19"
"205", "197", "20"
"205", "198", "21"
"205", "30", "22"
"205", "689", "23"
"205", "199", "24"
"205", "200", "25"
"205", "306", "26"
"205", "245", "27"
"205", "658", "28"
"205", "659", "29"
"205", "690", "30"
"205", "232", "31"
"205", "198", "32"
"205", "197", "33"
"205", "196", "34"
"205", "687", "35"
"205", "576", "36"
"205", "229", "37"
"205", "577", "38"
"205", "578", "39"
"205", "691", "40"
"205", "692", "41"
"205", "693", "42"
"205", "76", "43"
"205", "452", "44"
"205", "453", "45"
"205", "454", "46"
"205", "686", "47"
"205", "685", "48"
"205", "684", "49"
"205", "683", "50"
"205", "682", "51"
"205", "681", "52"
"205", "680", "53"
"216", "490", "1"
"216", "51", "2"
"216", "694", "3"
"216", "695", "4"
"216", "696", "5"
"216", "697", "6"
"216", "698", "7"
"216", "486", "8"
"216", "487", "9"
"216", "353", "10"
"216", "357", "11"
"216", "487", "12"
"216", "486", "13"
"216", "698", "14"
"216", "699", "15"
"216", "696", "16"
"216", "695", "17"
"216", "489", "18"
"216", "51", "19"
"220", "210", "1"
"220", "211", "2"
"220", "258", "3"
"220", "502", "4"
"220", "104", "5"
"220", "499", "6"
"220", "498", "7"
"220", "105", "8"
"220", "107", "9"
"220", "611", "10"
"220", "110", "11"
"220", "111", "12"
"220", "57", "13"
"220", "56", "14"
"220", "55", "15"
"220", "54", "16"
"220", "357", "17"
"220", "487", "18"
"220", "486", "19"
"220", "356", "20"
"220", "564", "21"
"220", "549", "22"
"220", "548", "23"
"220", "547", "24"
"220", "546", "25"
"220", "545", "26"
"220", "544", "27"
"220", "543", "28"
"220", "544", "29"
"220", "545", "30"
"220", "546", "31"
"220", "547", "32"
"220", "548", "33"
"220", "549", "34"
"220", "351", "35"
"220", "617", "36"
"220", "486", "37"
"220", "487", "38"
"220", "357", "39"
"220", "58", "40"
"220", "55", "41"
"220", "56", "42"
"220", "57", "43"
"220", "111", "44"
"220", "110", "45"
"220", "611", "46"
"220", "107", "47"
"220", "105", "48"
"220", "612", "49"
"221", "240", "1"
"221", "510", "2"
"221", "100", "3"
"221", "239", "4"
"221", "318", "5"
"221", "328", "6"
"221", "329", "7"
"221", "315", "8"
"221", "700", "9"
"221", "96", "10"
"221", "701", "11"
"221", "94", "12"
"221", "597", "13"
"221", "596", "14"
"221", "595", "15"
"221", "594", "16"
"221", "595", "17"
"221", "596", "18"
"221", "597", "19"
"221", "94", "20"
"221", "701", "21"
"221", "96", "22"
"221", "700", "23"
"221", "315", "24"
"221", "651", "25"
"221", "645", "26"
"221", "98", "27"
"221", "644", "28"
"221", "422", "29"
"221", "239", "30"
"221", "568", "31"
"222", "517", "1"
"222", "516", "2"
"222", "515", "3"
"222", "514", "4"
"222", "513", "5"
"222", "512", "6"
"222", "511", "7"
"222", "96", "8"
"222", "420", "9"
"222", "328", "10"
"222", "421", "11"
"222", "100", "12"
"222", "240", "13"
"222", "510", "14"
"222", "100", "15"
"222", "421", "16"
"222", "430", "17"
"222", "420", "18"
"222", "96", "19"
"222", "511", "20"
"222", "512", "21"
"222", "513", "22"
"222", "514", "23"
"222", "515", "24"
"222", "516", "25"
"223", "391", "1"
"223", "527", "2"
"223", "526", "3"
"223", "525", "4"
"223", "129", "5"
"223", "542", "6"
"223", "541", "7"
"223", "537", "8"
"223", "702", "9"
"223", "548", "10"
"223", "703", "11"
"223", "704", "12"
"223", "558", "13"
"223", "705", "14"
"223", "706", "15"
"223", "707", "16"
"223", "708", "17"
"223", "537", "18"
"223", "538", "19"
"223", "539", "20"
"223", "540", "21"
"223", "541", "22"
"223", "542", "23"
"223", "12", "24"
"223", "525", "25"
"223", "526", "26"
"223", "527", "27"
"226", "359", "1"
"226", "360", "2"
"226", "306", "3"
"226", "567", "4"
"226", "201", "5"
"226", "363", "6"
"226", "504", "7"
"226", "274", "8"
"226", "505", "9"
"226", "506", "10"
"226", "507", "11"
"226", "508", "12"
"226", "103", "13"
"226", "258", "14"
"226", "37", "15"
"226", "209", "16"
"226", "394", "17"
"226", "613", "18"
"226", "210", "19"
"226", "709", "20"
"226", "208", "21"
"226", "207", "22"
"226", "208", "23"
"226", "709", "24"
"226", "210", "25"
"226", "209", "26"
"226", "394", "27"
"226", "211", "28"
"226", "37", "29"
"226", "258", "30"
"226", "103", "31"
"226", "518", "32"
"226", "519", "33"
"226", "520", "34"
"226", "274", "35"
"226", "521", "36"
"226", "283", "37"
"226", "363", "38"
"226", "522", "39"
"226", "204", "40"
"226", "569", "41"
"227", "207", "1"
"227", "710", "2"
"227", "711", "3"
"227", "712", "4"
"227", "713", "5"
"227", "709", "6"
"227", "210", "7"
"227", "394", "8"
"227", "714", "9"
"227", "495", "10"
"227", "614", "11"
"227", "715", "12"
"227", "716", "13"
"227", "612", "14"
"227", "210", "15"
"227", "709", "16"
"227", "208", "17"
"232", "717", "1"
"232", "547", "2"
"232", "548", "3"
"232", "549", "4"
"232", "351", "5"
"232", "350", "6"
"232", "347", "7"
"232", "550", "8"
"232", "718", "9"
"232", "719", "10"
"232", "720", "11"
"232", "721", "12"
"232", "722", "13"
"232", "356", "14"
"232", "481", "15"
"232", "44", "16"
"232", "43", "17"
"232", "42", "18"
"232", "45", "19"
"232", "82", "20"
"232", "83", "21"
"232", "85", "22"
"232", "86", "23"
"232", "87", "24"
"232", "83", "25"
"232", "82", "26"
"232", "653", "27"
"232", "42", "28"
"232", "43", "29"
"232", "44", "30"
"232", "481", "31"
"232", "356", "32"
"232", "722", "33"
"232", "721", "34"
"232", "720", "35"
"232", "719", "36"
"232", "718", "37"
"232", "550", "38"
"232", "347", "39"
"232", "350", "40"
"232", "564", "41"
"232", "549", "42"
"232", "548", "43"
"232", "547", "44"
"236", "605", "1"
"236", "290", "2"
"236", "289", "3"
"236", "288", "4"
"236", "287", "5"
"236", "261", "6"
"236", "262", "7"
"236", "263", "8"
"236", "264", "9"
"236", "265", "10"
"236", "266", "11"
"236", "267", "12"
"236", "268", "13"
"236", "269", "14"
"236", "270", "15"
"236", "271", "16"
"236", "272", "17"
"236", "273", "18"
"236", "274", "19"
"236", "275", "20"
"236", "504", "21"
"236", "284", "22"
"236", "273", "23"
"236", "285", "24"
"236", "271", "25"
"236", "270", "26"
"236", "269", "27"
"236", "268", "28"
"236", "267", "29"
"236", "266", "30"
"236", "265", "31"
"236", "264", "32"
"236", "94", "33"
"236", "262", "34"
"236", "261", "35"
"236", "287", "36"
"236", "288", "37"
"236", "289", "38"
"236", "290", "39"
"236", "604", "40"
"236", "558", "41"
"243", "383", "1"
"243", "384", "2"
"243", "385", "3"
"243", "405", "4"
"243", "406", "5"
"243", "133", "6"
"243", "723", "7"
"243", "622", "8"
"243", "724", "9"
"243", "620", "10"
"243", "619", "11"
"243", "618", "12"
"243", "218", "13"
"243", "67", "14"
"243", "218", "15"
"243", "618", "16"
"243", "619", "17"
"243", "620", "18"
"243", "162", "19"
"243", "622", "20"
"243", "723", "21"
"243", "133", "22"
"243", "142", "23"
"243", "405", "24"
"243", "385", "25"
"246", "186", "1"
"246", "725", "2"
"246", "726", "3"
"246", "727", "4"
"246", "402", "5"
"246", "401", "6"
"246", "403", "7"
"246", "399", "8"
"246", "728", "9"
"246", "729", "10"
"246", "730", "11"
"246", "731", "12"
"246", "732", "13"
"246", "733", "14"
"246", "734", "15"
"246", "384", "16"
"246", "383", "17"
"246", "735", "18"
"246", "734", "19"
"246", "733", "20"
"246", "732", "21"
"246", "731", "22"
"246", "730", "23"
"246", "729", "24"
"246", "399", "25"
"246", "400", "26"
"246", "401", "27"
"246", "402", "28"
"246", "727", "29"
"246", "726", "30"
"246", "725", "31"
"253", "308", "1"
"253", "309", "2"
"253", "164", "3"
"253", "163", "4"
"253", "668", "5"
"253", "669", "6"
"253", "308", "7"
"253", "670", "8"
"253", "736", "9"
"253", "737", "10"
"253", "738", "11"
"253", "739", "12"
"253", "130", "13"
"253", "388", "14"
"253", "135", "15"
"253", "330", "16"
"253", "331", "17"
"253", "377", "18"
"253", "224", "19"
"253", "740", "20"
"253", "381", "21"
"253", "215", "22"
"253", "381", "23"
"253", "740", "24"
"253", "224", "25"
"253", "143", "26"
"253", "137", "27"
"253", "330", "28"
"253", "135", "29"
"253", "130", "30"
"253", "739", "31"
"253", "738", "32"
"253", "737", "33"
"253", "736", "34"
"253", "670", "35"
"253", "308", "36"
"253", "669", "37"
"253", "672", "38"
"253", "163", "39"
"253", "164", "40"
"253", "309", "41"
"261", "229", "1"
"261", "577", "2"
"261", "578", "3"
"261", "691", "4"
"261", "692", "5"
"261", "693", "6"
"261", "76", "7"
"261", "452", "8"
"261", "453", "9"
"261", "454", "10"
"261", "686", "11"
"261", "741", "12"
"261", "742", "13"
"261", "743", "14"
"261", "744", "15"
"261", "745", "16"
"261", "746", "17"
"261", "747", "18"
"261", "580", "19"
"261", "747", "20"
"261", "746", "21"
"261", "745", "22"
"261", "744", "23"
"261", "743", "24"
"261", "742", "25"
"261", "741", "26"
"261", "748", "27"
"261", "686", "28"
"261", "474", "29"
"261", "453", "30"
"261", "452", "31"
"261", "578", "32"
"261", "577", "33"
"268", "96", "1"
"268", "315", "2"
"268", "651", "3"
"268", "645", "4"
"268", "98", "5"
"268", "644", "6"
"268", "422", "7"
"268", "423", "8"
"268", "321", "9"
"268", "322", "10"
"268", "374", "11"
"268", "35", "12"
"268", "520", "13"
"268", "274", "14"
"268", "521", "15"
"268", "283", "16"
"268", "363", "17"
"268", "522", "18"
"268", "204", "19"
"268", "523", "20"
"268", "503", "21"
"268", "278", "22"
"268", "277", "23"
"268", "282", "24"
"268", "504", "25"
"268", "274", "26"
"268", "508", "27"
"268", "259", "28"
"268", "374", "29"
"268", "322", "30"
"268", "321", "31"
"268", "429", "32"
"268", "422", "33"
"268", "644", "34"
"268", "98", "35"
"268", "645", "36"
"268", "329", "37"
"268", "315", "38"
"282", "213", "1"
"282", "245", "2"
"282", "303", "3"
"282", "690", "4"
"282", "232", "5"
"282", "198", "6"
"282", "197", "7"
"282", "196", "8"
"282", "687", "9"
"282", "575", "10"
"282", "574", "11"
"282", "573", "12"
"282", "660", "13"
"282", "661", "14"
"282", "662", "15"
"282", "448", "16"
"282", "663", "17"
"282", "68", "18"
"282", "67", "19"
"282", "664", "20"
"282", "665", "21"
"282", "220", "22"
"282", "666", "23"
"282", "749", "24"
"282", "161", "25"
"282", "310", "26"
"282", "750", "27"
"282", "751", "28"
"282", "668", "29"
"282", "752", "30"
"282", "406", "31"
"282", "753", "32"
"282", "668", "33"
"282", "750", "34"
"282", "162", "35"
"282", "310", "36"
"282", "218", "37"
"282", "754", "38"
"282", "666", "39"
"282", "220", "40"
"282", "665", "41"
"282", "664", "42"
"282", "68", "43"
"282", "69", "44"
"282", "661", "45"
"282", "660", "46"
"282", "573", "47"
"282", "574", "48"
"282", "575", "49"
"282", "687", "50"
"282", "196", "51"
"282", "688", "52"
"282", "197", "53"
"282", "198", "54"
"282", "30", "55"
"282", "690", "56"
"282", "303", "57"
"282", "245", "58"
"300", "569", "1"
"300", "359", "2"
"300", "755", "3"
"300", "199", "4"
"300", "756", "5"
"300", "30", "6"
"300", "198", "7"
"300", "197", "8"
"300", "196", "9"
"300", "757", "10"
"300", "195", "11"
"300", "194", "12"
"300", "195", "13"
"300", "196", "14"
"300", "688", "15"
"300", "197", "16"
"300", "198", "17"
"300", "30", "18"
"300", "689", "19"
"300", "199", "20"
"300", "758", "21"
"300", "359", "22"
"300", "565", "23"
"301", "359", "1"
"301", "570", "2"
"301", "571", "3"
"301", "572", "4"
"301", "573", "5"
"301", "574", "6"
"301", "759", "7"
"301", "450", "8"
"301", "451", "9"
"301", "75", "10"
"301", "76", "11"
"301", "579", "12"
"301", "747", "13"
"301", "746", "14"
"301", "760", "15"
"301", "761", "16"
"301", "762", "17"
"301", "763", "18"
"301", "764", "19"
"301", "765", "20"
"301", "764", "21"
"301", "763", "22"
"301", "762", "23"
"301", "761", "24"
"301", "766", "25"
"301", "760", "26"
"301", "746", "27"
"301", "747", "28"
"301", "475", "29"
"301", "76", "30"
"301", "476", "31"
"301", "477", "32"
"301", "72", "33"
"301", "759", "34"
"301", "574", "35"
"301", "581", "36"
"301", "572", "37"
"301", "66", "38"
"301", "570", "39"
"302", "240", "1"
"302", "260", "2"
"302", "37", "3"
"302", "209", "4"
"302", "394", "5"
"302", "613", "6"
"302", "709", "7"
"302", "208", "8"
"302", "207", "9"
"302", "767", "10"
"302", "768", "11"
"302", "769", "12"
"302", "770", "13"
"302", "771", "14"
"302", "772", "15"
"302", "773", "16"
"302", "774", "17"
"302", "772", "18"
"302", "771", "19"
"302", "770", "20"
"302", "769", "21"
"302", "768", "22"
"302", "767", "23"
"302", "207", "24"
"302", "208", "25"
"302", "709", "26"
"302", "209", "27"
"302", "394", "28"
"302", "211", "29"
"302", "260", "30"
"303", "207", "1"
"303", "710", "2"
"303", "775", "3"
"303", "776", "4"
"303", "777", "5"
"303", "778", "6"
"303", "779", "7"
"303", "778", "8"
"303", "777", "9"
"303", "776", "10"
"303", "775", "11"
"303", "780", "12"
"304", "229", "1"
"304", "577", "2"
"304", "578", "3"
"304", "579", "4"
"304", "747", "5"
"304", "746", "6"
"304", "781", "7"
"304", "782", "8"
"304", "783", "9"
"304", "784", "10"
"304", "785", "11"
"304", "786", "12"
"304", "787", "13"
"304", "788", "14"
"304", "789", "15"
"304", "790", "16"
"304", "791", "17"
"304", "792", "18"
"304", "793", "19"
"304", "679", "20"
"304", "793", "21"
"304", "792", "22"
"304", "791", "23"
"304", "794", "24"
"304", "789", "25"
"304", "788", "26"
"304", "787", "27"
"304", "786", "28"
"304", "795", "29"
"304", "785", "30"
"304", "784", "31"
"304", "796", "32"
"304", "797", "33"
"304", "781", "34"
"304", "746", "35"
"304", "747", "36"
"304", "579", "37"
"304", "578", "38"
"304", "577", "39"
"311", "215", "1"
"311", "381", "2"
"311", "138", "3"
"311", "380", "4"
"311", "143", "5"
"311", "223", "6"
"311", "378", "7"
"311", "224", "8"
"311", "798", "9"
"311", "333", "10"
"311", "334", "11"
"311", "129", "12"
"311", "16", "13"
"311", "419", "14"
"311", "19", "15"
"311", "367", "16"
"311", "341", "17"
"311", "313", "18"
"311", "312", "19"
"311", "280", "20"
"311", "312", "21"
"311", "313", "22"
"311", "341", "23"
"311", "367", "24"
"311", "19", "25"
"311", "18", "26"
"311", "16", "27"
"311", "15", "28"
"311", "334", "29"
"311", "333", "30"
"311", "798", "31"
"311", "224", "32"
"311", "378", "33"
"311", "223", "34"
"311", "379", "35"
"311", "380", "36"
"311", "138", "37"
"311", "381", "38"
"312", "799", "1"
"312", "547", "2"
"312", "548", "3"
"312", "549", "4"
"312", "351", "5"
"312", "350", "6"
"312", "349", "7"
"312", "344", "8"
"312", "348", "9"
"312", "352", "10"
"312", "721", "11"
"312", "800", "12"
"312", "801", "13"
"312", "586", "14"
"312", "802", "15"
"312", "803", "16"
"312", "804", "17"
"312", "3", "18"
"312", "479", "19"
"312", "418", "20"
"312", "86", "21"
"312", "171", "22"
"312", "805", "23"
"312", "4", "24"
"312", "584", "25"
"312", "585", "26"
"312", "129", "27"
"312", "801", "28"
"312", "800", "29"
"312", "721", "30"
"312", "347", "31"
"312", "348", "32"
"312", "344", "33"
"312", "349", "34"
"312", "350", "35"
"312", "564", "36"
"312", "549", "37"
"312", "548", "38"
"312", "547", "39"
"313", "343", "1"
"313", "344", "2"
"313", "345", "3"
"313", "346", "4"
"313", "347", "5"
"313", "721", "6"
"313", "800", "7"
"313", "801", "8"
"313", "586", "9"
"313", "802", "10"
"313", "803", "11"
"313", "804", "12"
"313", "3", "13"
"313", "479", "14"
"313", "410", "15"
"313", "492", "16"
"313", "493", "17"
"313", "478", "18"
"313", "418", "19"
"313", "479", "20"
"313", "3", "21"
"313", "802", "22"
"313", "129", "23"
"313", "801", "24"
"313", "800", "25"
"313", "721", "26"
"313", "351", "27"
"313", "346", "28"
"313", "345", "29"
"313", "344", "30"
"323", "4", "1"
"323", "3", "2"
"323", "2", "3"
"323", "1", "4"
"323", "480", "5"
"323", "43", "6"
"323", "0", "7"
"323", "81", "8"
"323", "80", "9"
"323", "79", "10"
"323", "806", "11"
"323", "110", "12"
"323", "111", "13"
"323", "57", "14"
"323", "111", "15"
"323", "110", "16"
"323", "806", "17"
"323", "79", "18"
"323", "80", "19"
"323", "81", "20"
"323", "0", "21"
"323", "480", "22"
"323", "1", "23"
"323", "2", "24"
"323", "3", "25"
"330", "215", "1"
"330", "381", "2"
"330", "740", "3"
"330", "224", "4"
"330", "798", "5"
"330", "807", "6"
"330", "175", "7"
"330", "174", "8"
"330", "15", "9"
"330", "16", "10"
"330", "419", "11"
"330", "19", "12"
"330", "382", "13"
"330", "21", "14"
"330", "22", "15"
"330", "23", "16"
"330", "24", "17"
"330", "591", "18"
"330", "571", "19"
"330", "572", "20"
"330", "573", "21"
"330", "574", "22"
"330", "575", "23"
"330", "808", "24"
"330", "229", "25"
"330", "576", "26"
"330", "575", "27"
"330", "574", "28"
"330", "581", "29"
"330", "572", "30"
"330", "66", "31"
"330", "591", "32"
"330", "24", "33"
"330", "23", "34"
"330", "22", "35"
"330", "21", "36"
"330", "809", "37"
"330", "19", "38"
"330", "18", "39"
"330", "16", "40"
"330", "15", "41"
"330", "14", "42"
"330", "174", "43"
"330", "175", "44"
"330", "807", "45"
"330", "798", "46"
"330", "224", "47"
"330", "740", "48"
"330", "381", "49"
"331", "187", "1"
"331", "293", "2"
"331", "624", "3"
"331", "625", "4"
"331", "626", "5"
"331", "229", "6"
"331", "576", "7"
"331", "575", "8"
"331", "574", "9"
"331", "581", "10"
"331", "572", "11"
"331", "66", "12"
"331", "570", "13"
"331", "810", "14"
"331", "359", "15"
"331", "570", "16"
"331", "571", "17"
"331", "572", "18"
"331", "573", "19"
"331", "574", "20"
"331", "575", "21"
"331", "576", "22"
"331", "229", "23"
"331", "626", "24"
"331", "625", "25"
"331", "624", "26"
"331", "459", "27"
"331", "293", "28"
"331", "460", "29"
"331", "811", "30"
"331", "189", "31"
"331", "188", "32"
"335", "215", "1"
"335", "381", "2"
"335", "740", "3"
"335", "224", "4"
"335", "331", "5"
"335", "135", "6"
"335", "134", "7"
"335", "133", "8"
"335", "812", "9"
"335", "813", "10"
"335", "19", "11"
"335", "382", "12"
"335", "21", "13"
"335", "22", "14"
"335", "23", "15"
"335", "24", "16"
"335", "591", "17"
"335", "571", "18"
"335", "572", "19"
"335", "573", "20"
"335", "574", "21"
"335", "575", "22"
"335", "576", "23"
"335", "229", "24"
"335", "577", "25"
"335", "578", "26"
"335", "691", "27"
"335", "692", "28"
"335", "693", "29"
"335", "76", "30"
"335", "579", "31"
"335", "580", "32"
"335", "579", "33"
"335", "578", "34"
"335", "577", "35"
"335", "229", "36"
"335", "576", "37"
"335", "575", "38"
"335", "574", "39"
"335", "581", "40"
"335", "572", "41"
"335", "66", "42"
"335", "591", "43"
"335", "24", "44"
"335", "23", "45"
"335", "22", "46"
"335", "21", "47"
"335", "809", "48"
"335", "19", "49"
"335", "813", "50"
"335", "132", "51"
"335", "376", "52"
"335", "134", "53"
"335", "143", "54"
"335", "377", "55"
"335", "224", "56"
"335", "740", "57"
"335", "381", "58"
"336", "654", "1"
"336", "264", "2"
"336", "265", "3"
"336", "266", "4"
"336", "267", "5"
"336", "268", "6"
"336", "269", "7"
"336", "270", "8"
"336", "271", "9"
"336", "272", "10"
"336", "273", "11"
"336", "274", "12"
"336", "275", "13"
"336", "504", "14"
"336", "416", "15"
"336", "282", "16"
"336", "277", "17"
"336", "278", "18"
"336", "279", "19"
"336", "280", "20"
"336", "281", "21"
"336", "279", "22"
"336", "278", "23"
"336", "277", "24"
"336", "282", "25"
"336", "504", "26"
"336", "284", "27"
"336", "273", "28"
"336", "285", "29"
"336", "271", "30"
"336", "270", "31"
"336", "269", "32"
"336", "268", "33"
"336", "267", "34"
"336", "266", "35"
"336", "265", "36"
"336", "264", "37"
"368", "359", "1"
"368", "565", "2"
"368", "566", "3"
"368", "306", "4"
"368", "567", "5"
"368", "201", "6"
"368", "363", "7"
"368", "504", "8"
"368", "274", "9"
"368", "508", "10"
"368", "259", "11"
"368", "374", "12"
"368", "322", "13"
"368", "321", "14"
"368", "429", "15"
"368", "422", "16"
"368", "239", "17"
"368", "318", "18"
"368", "328", "19"
"368", "329", "20"
"368", "315", "21"
"368", "96", "22"
"368", "315", "23"
"368", "316", "24"
"368", "317", "25"
"368", "318", "26"
"368", "239", "27"
"368", "422", "28"
"368", "423", "29"
"368", "321", "30"
"368", "322", "31"
"368", "374", "32"
"368", "35", "33"
"368", "520", "34"
"368", "274", "35"
"368", "521", "36"
"368", "283", "37"
"368", "363", "38"
"368", "522", "39"
"368", "204", "40"
"368", "569", "41"
"381", "353", "1"
"381", "354", "2"
"381", "355", "3"
"381", "356", "4"
"381", "351", "5"
"381", "721", "6"
"381", "800", "7"
"381", "801", "8"
"381", "586", "9"
"381", "802", "10"
"381", "803", "11"
"381", "804", "12"
"381", "3", "13"
"381", "479", "14"
"381", "59", "15"
"381", "279", "16"
"381", "523", "17"
"381", "359", "18"
"381", "755", "19"
"381", "199", "20"
"381", "758", "21"
"381", "359", "22"
"381", "523", "23"
"381", "503", "24"
"381", "59", "25"
"381", "479", "26"
"381", "3", "27"
"381", "802", "28"
"381", "129", "29"
"381", "801", "30"
"381", "800", "31"
"381", "721", "32"
"381", "351", "33"
"381", "356", "34"
"381", "357", "35"
"381", "354", "36"
"385", "96", "1"
"385", "420", "2"
"385", "328", "3"
"385", "421", "4"
"385", "100", "5"
"385", "240", "6"
"385", "509", "7"
"385", "260", "8"
"385", "211", "9"
"385", "258", "10"
"385", "103", "11"
"385", "508", "12"
"385", "598", "13"
"385", "814", "14"
"385", "600", "15"
"385", "413", "16"
"385", "411", "17"
"385", "86", "18"
"385", "478", "19"
"385", "409", "20"
"385", "410", "21"
"385", "86", "22"
"385", "411", "23"
"385", "412", "24"
"385", "413", "25"
"385", "600", "26"
"385", "815", "27"
"385", "598", "28"
"385", "508", "29"
"385", "103", "30"
"385", "258", "31"
"385", "211", "32"
"385", "260", "33"
"385", "509", "34"
"385", "510", "35"
"385", "100", "36"
"385", "421", "37"
"385", "430", "38"
"385", "420", "39"
"601", "816", "1"
"601", "817", "2"
"601", "818", "3"
"601", "819", "4"
"601", "32", "5"
"601", "820", "6"
"601", "275", "7"
"601", "504", "8"
"601", "416", "9"
"601", "282", "10"
"601", "277", "11"
"601", "278", "12"
"601", "279", "13"
"601", "280", "14"
"601", "281", "15"
"601", "279", "16"
"601", "278", "17"
"601", "277", "18"
"601", "282", "19"
"601", "283", "20"
"601", "821", "21"
"601", "822", "22"
"601", "823", "23"
"601", "824", "24"
"601", "825", "25"
"601", "826", "26"
"601", "234", "27"
"601", "235", "28"
"611", "534", "1"
"611", "533", "2"
"611", "827", "3"
"611", "828", "4"
"611", "721", "5"
"611", "722", "6"
"611", "356", "7"
"611", "481", "8"
"611", "44", "9"
"611", "43", "10"
"611", "44", "11"
"611", "481", "12"
"611", "356", "13"
"611", "722", "14"
"611", "829", "15"
"611", "828", "16"
"611", "827", "17"
"611", "533", "18"
"655", "383", "1"
"655", "384", "2"
"655", "385", "3"
"655", "405", "4"
"655", "406", "5"
"655", "133", "6"
"655", "812", "7"
"655", "813", "8"
"655", "256", "9"
"655", "19", "10"
"655", "830", "11"
"655", "367", "12"
"655", "341", "13"
"655", "313", "14"
"655", "312", "15"
"655", "280", "16"
"655", "312", "17"
"655", "313", "18"
"655", "341", "19"
"655", "367", "20"
"655", "830", "21"
"655", "19", "22"
"655", "256", "23"
"655", "813", "24"
"655", "132", "25"
"655", "133", "26"
"655", "142", "27"
"655", "405", "28"
"655", "385", "29"
"668", "96", "1"
"668", "315", "2"
"668", "651", "3"
"668", "645", "4"
"668", "98", "5"
"668", "644", "6"
"668", "422", "7"
"668", "423", "8"
"668", "321", "9"
"668", "322", "10"
"668", "374", "11"
"668", "35", "12"
"668", "520", "13"
"668", "274", "14"
"668", "521", "15"
"668", "504", "16"
"668", "274", "17"
"668", "508", "18"
"668", "259", "19"
"668", "374", "20"
"668", "322", "21"
"668", "321", "22"
"668", "429", "23"
"668", "422", "24"
"668", "644", "25"
"668", "98", "26"
"668", "645", "27"
"668", "329", "28"
"668", "315", "29"
"682", "144", "1"
"682", "325", "2"
"682", "831", "3"
"682", "217", "4"
"682", "221", "5"
"682", "160", "6"
"682", "314", "7"
"682", "161", "8"
"682", "310", "9"
"682", "162", "10"
"682", "163", "11"
"682", "832", "12"
"682", "833", "13"
"682", "834", "14"
"682", "835", "15"
"682", "836", "16"
"682", "832", "17"
"682", "834", "18"
"682", "837", "19"
"682", "838", "20"
"682", "163", "21"
"682", "162", "22"
"682", "310", "23"
"682", "161", "24"
"682", "151", "25"
"682", "221", "26"
"682", "217", "27"
"682", "130", "28"
"682", "325", "29"
"696", "520", "1"
"696", "274", "2"
"696", "521", "3"
"696", "283", "4"
"696", "275", "5"
"696", "112", "6"
"696", "291", "7"
"696", "292", "8"
"696", "245", "9"
"696", "213", "10"
"696", "245", "11"
"696", "286", "12"
"696", "201", "13"
"696", "504", "14"
"696", "274", "15"
"697", "248", "1"
"697", "249", "2"
"697", "250", "3"
"697", "251", "4"
"697", "190", "5"
"697", "192", "6"
"697", "191", "7"
"697", "206", "8"
"697", "443", "9"
"697", "461", "10"
"697", "462", "11"
"697", "463", "12"
"697", "464", "13"
"697", "465", "14"
"697", "466", "15"
"697", "679", "16"
"697", "466", "17"
"697", "465", "18"
"697", "473", "19"
"697", "462", "20"
"697", "461", "21"
"697", "443", "22"
"697", "206", "23"
"697", "191", "24"
"697", "253", "25"
"697", "839", "26"
"697", "251", "27"
"697", "250", "28"
"697", "254", "29"
"402", "534", "1"
"402", "840", "2"
"402", "841", "3"
"402", "842", "4"
"402", "843", "5"
"402", "844", "6"
"402", "845", "7"
"402", "846", "8"
"402", "847", "9"
"402", "703", "10"
"402", "848", "11"
"402", "849", "12"
"402", "535", "13"
"402", "703", "14"
"402", "847", "15"
"402", "846", "16"
"402", "845", "17"
"402", "844", "18"
"402", "843", "19"
"402", "842", "20"
"402", "841", "21"
"402", "840", "22"
"406", "269", "1"
"406", "268", "2"
"406", "267", "3"
"406", "266", "4"
"406", "431", "5"
"406", "432", "6"
"406", "433", "7"
"406", "850", "8"
"406", "851", "9"
"406", "852", "10"
"406", "853", "11"
"406", "854", "12"
"406", "855", "13"
"406", "856", "14"
"406", "857", "15"
"406", "858", "16"
"406", "859", "17"
"406", "860", "18"
"406", "861", "19"
"406", "862", "20"
"406", "863", "21"
"406", "862", "22"
"406", "861", "23"
"406", "860", "24"
"406", "859", "25"
"406", "864", "26"
"406", "858", "27"
"406", "857", "28"
"406", "856", "29"
"406", "854", "30"
"406", "865", "31"
"406", "850", "32"
"406", "866", "33"
"406", "442", "34"
"406", "433", "35"
"406", "432", "36"
"406", "443", "37"
"406", "444", "38"
"408", "240", "1"
"408", "100", "2"
"408", "421", "3"
"408", "430", "4"
"408", "96", "5"
"408", "512", "6"
"408", "513", "7"
"408", "514", "8"
"408", "515", "9"
"408", "516", "10"
"408", "867", "11"
"408", "868", "12"
"408", "869", "13"
"408", "870", "14"
"408", "871", "15"
"408", "872", "16"
"408", "873", "17"
"408", "874", "18"
"408", "875", "19"
"408", "876", "20"
"408", "877", "21"
"408", "878", "22"
"408", "879", "23"
"408", "880", "24"
"408", "881", "25"
"408", "882", "26"
"408", "881", "27"
"408", "883", "28"
"408", "879", "29"
"408", "878", "30"
"408", "877", "31"
"408", "884", "32"
"408", "885", "33"
"408", "874", "34"
"408", "873", "35"
"408", "886", "36"
"408", "887", "37"
"408", "870", "38"
"408", "888", "39"
"408", "868", "40"
"408", "867", "41"
"408", "516", "42"
"408", "515", "43"
"408", "514", "44"
"408", "513", "45"
"408", "512", "46"
"408", "96", "47"
"408", "420", "48"
"408", "421", "49"
"408", "100", "50"
"409", "670", "1"
"409", "308", "2"
"409", "669", "3"
"409", "163", "4"
"409", "164", "5"
"409", "165", "6"
"409", "166", "7"
"409", "167", "8"
"409", "889", "9"
"409", "746", "10"
"409", "890", "11"
"409", "891", "12"
"409", "892", "13"
"409", "893", "14"
"409", "894", "15"
"409", "893", "16"
"409", "892", "17"
"409", "891", "18"
"409", "890", "19"
"409", "746", "20"
"409", "889", "21"
"409", "167", "22"
"409", "166", "23"
"409", "165", "24"
"409", "164", "25"
"409", "163", "26"
"409", "669", "27"
"409", "308", "28"
"409", "670", "29"
"414", "534", "1"
"414", "840", "2"
"414", "841", "3"
"414", "842", "4"
"414", "843", "5"
"414", "844", "6"
"414", "895", "7"
"414", "896", "8"
"414", "703", "9"
"414", "897", "10"
"414", "898", "11"
"414", "899", "12"
"414", "900", "13"
"414", "901", "14"
"414", "900", "15"
"414", "899", "16"
"414", "898", "17"
"414", "897", "18"
"414", "703", "19"
"414", "896", "20"
"414", "895", "21"
"414", "844", "22"
"414", "843", "23"
"414", "842", "24"
"414", "841", "25"
"414", "840", "26"
"422", "902", "1"
"422", "193", "2"
"422", "839", "3"
"422", "251", "4"
"422", "250", "5"
"422", "254", "6"
"422", "248", "7"
"422", "469", "8"
"422", "470", "9"
"422", "903", "10"
"422", "904", "11"
"422", "905", "12"
"422", "906", "13"
"422", "907", "14"
"422", "908", "15"
"422", "909", "16"
"422", "910", "17"
"422", "911", "18"
"422", "910", "19"
"422", "909", "20"
"422", "908", "21"
"422", "907", "22"
"422", "906", "23"
"422", "905", "24"
"422", "904", "25"
"422", "903", "26"
"422", "470", "27"
"422", "472", "28"
"422", "248", "29"
"422", "249", "30"
"422", "250", "31"
"422", "251", "32"
"422", "190", "33"
"422", "193", "34"
"427", "240", "1"
"427", "260", "2"
"427", "37", "3"
"427", "372", "4"
"427", "375", "5"
"427", "370", "6"
"427", "369", "7"
"427", "710", "8"
"427", "775", "9"
"427", "776", "10"
"427", "777", "11"
"427", "778", "12"
"427", "779", "13"
"427", "912", "14"
"427", "913", "15"
"427", "914", "16"
"427", "559", "17"
"427", "915", "18"
"427", "916", "19"
"427", "917", "20"
"427", "918", "21"
"427", "919", "22"
"427", "920", "23"
"427", "921", "24"
"427", "922", "25"
"427", "923", "26"
"427", "924", "27"
"427", "925", "28"
"427", "926", "29"
"427", "925", "30"
"427", "924", "31"
"427", "923", "32"
"427", "922", "33"
"427", "921", "34"
"427", "920", "35"
"427", "919", "36"
"427", "918", "37"
"427", "927", "38"
"427", "916", "39"
"427", "915", "40"
"427", "914", "41"
"427", "913", "42"
"427", "912", "43"
"427", "779", "44"
"427", "778", "45"
"427", "777", "46"
"427", "776", "47"
"427", "775", "48"
"427", "780", "49"
"427", "369", "50"
"427", "370", "51"
"427", "371", "52"
"427", "372", "53"
"427", "211", "54"
"427", "260", "55"
"428", "240", "1"
"428", "100", "2"
"428", "421", "3"
"428", "430", "4"
"428", "96", "5"
"428", "512", "6"
"428", "513", "7"
"428", "514", "8"
"428", "515", "9"
"428", "516", "10"
"428", "867", "11"
"428", "868", "12"
"428", "869", "13"
"428", "870", "14"
"428", "871", "15"
"428", "872", "16"
"428", "928", "17"
"428", "929", "18"
"428", "930", "19"
"428", "931", "20"
"428", "932", "21"
"428", "827", "22"
"428", "933", "23"
"428", "934", "24"
"428", "935", "25"
"428", "936", "26"
"428", "937", "27"
"428", "938", "28"
"428", "939", "29"
"428", "940", "30"
"428", "941", "31"
"428", "942", "32"
"428", "941", "33"
"428", "940", "34"
"428", "939", "35"
"428", "938", "36"
"428", "937", "37"
"428", "936", "38"
"428", "935", "39"
"428", "943", "40"
"428", "878", "41"
"428", "944", "42"
"428", "932", "43"
"428", "931", "44"
"428", "930", "45"
"428", "929", "46"
"428", "928", "47"
"428", "886", "48"
"428", "887", "49"
"428", "870", "50"
"428", "888", "51"
"428", "868", "52"
"428", "867", "53"
"428", "516", "54"
"428", "515", "55"
"428", "514", "56"
"428", "513", "57"
"428", "512", "58"
"428", "96", "59"
"428", "420", "60"
"428", "421", "61"
"428", "100", "62"
"438", "207", "1"
"438", "767", "2"
"438", "768", "3"
"438", "769", "4"
"438", "770", "5"
"438", "771", "6"
"438", "772", "7"
"438", "945", "8"
"438", "946", "9"
"438", "947", "10"
"438", "948", "11"
"438", "949", "12"
"438", "950", "13"
"438", "951", "14"
"438", "950", "15"
"438", "949", "16"
"438", "948", "17"
"438", "947", "18"
"438", "946", "19"
"438", "945", "20"
"438", "772", "21"
"438", "771", "22"
"438", "770", "23"
"438", "769", "24"
"438", "768", "25"
"438", "767", "26"
"439", "207", "1"
"439", "767", "2"
"439", "768", "3"
"439", "769", "4"
"439", "770", "5"
"439", "945", "6"
"439", "946", "7"
"439", "949", "8"
"439", "951", "9"
"439", "952", "10"
"439", "953", "11"
"439", "954", "12"
"439", "955", "13"
"439", "956", "14"
"439", "955", "15"
"439", "954", "16"
"439", "953", "17"
"439", "952", "18"
"439", "951", "19"
"439", "949", "20"
"439", "946", "21"
"439", "945", "22"
"439", "770", "23"
"439", "769", "24"
"439", "768", "25"
"439", "767", "26"
"449", "229", "1"
"449", "577", "2"
"449", "578", "3"
"449", "579", "4"
"449", "747", "5"
"449", "746", "6"
"449", "781", "7"
"449", "783", "8"
"449", "957", "9"
"449", "958", "10"
"449", "959", "11"
"449", "960", "12"
"449", "961", "13"
"449", "962", "14"
"449", "963", "15"
"449", "962", "16"
"449", "961", "17"
"449", "960", "18"
"449", "959", "19"
"449", "958", "20"
"449", "957", "21"
"449", "796", "22"
"449", "781", "23"
"449", "746", "24"
"449", "747", "25"
"449", "579", "26"
"449", "578", "27"
"449", "577", "28"
"453", "240", "1"
"453", "260", "2"
"453", "37", "3"
"453", "372", "4"
"453", "375", "5"
"453", "370", "6"
"453", "369", "7"
"453", "710", "8"
"453", "775", "9"
"453", "776", "10"
"453", "777", "11"
"453", "778", "12"
"453", "779", "13"
"453", "912", "14"
"453", "913", "15"
"453", "914", "16"
"453", "559", "17"
"453", "915", "18"
"453", "916", "19"
"453", "917", "20"
"453", "918", "21"
"453", "919", "22"
"453", "964", "23"
"453", "965", "24"
"453", "559", "25"
"453", "924", "26"
"453", "966", "27"
"453", "967", "28"
"453", "966", "29"
"453", "924", "30"
"453", "559", "31"
"453", "965", "32"
"453", "964", "33"
"453", "919", "34"
"453", "918", "35"
"453", "927", "36"
"453", "916", "37"
"453", "915", "38"
"453", "914", "39"
"453", "913", "40"
"453", "912", "41"
"453", "779", "42"
"453", "778", "43"
"453", "777", "44"
"453", "776", "45"
"453", "775", "46"
"453", "780", "47"
"453", "369", "48"
"453", "370", "49"
"453", "371", "50"
"453", "372", "51"
"453", "211", "52"
"453", "260", "53"
"455", "207", "1"
"455", "710", "2"
"455", "775", "3"
"455", "776", "4"
"455", "777", "5"
"455", "778", "6"
"455", "779", "7"
"455", "912", "8"
"455", "913", "9"
"455", "914", "10"
"455", "559", "11"
"455", "915", "12"
"455", "916", "13"
"455", "917", "14"
"455", "918", "15"
"455", "927", "16"
"455", "916", "17"
"455", "915", "18"
"455", "914", "19"
"455", "913", "20"
"455", "912", "21"
"455", "779", "22"
"455", "778", "23"
"455", "777", "24"
"455", "776", "25"
"455", "775", "26"
"455", "780", "27"
"456", "240", "1"
"456", "100", "2"
"456", "421", "3"
"456", "430", "4"
"456", "96", "5"
"456", "512", "6"
"456", "513", "7"
"456", "514", "8"
"456", "515", "9"
"456", "516", "10"
"456", "867", "11"
"456", "868", "12"
"456", "869", "13"
"456", "870", "14"
"456", "968", "15"
"456", "969", "16"
"456", "970", "17"
"456", "971", "18"
"456", "972", "19"
"456", "973", "20"
"456", "974", "21"
"456", "975", "22"
"456", "976", "23"
"456", "955", "24"
"456", "956", "25"
"456", "955", "26"
"456", "976", "27"
"456", "975", "28"
"456", "974", "29"
"456", "973", "30"
"456", "972", "31"
"456", "971", "32"
"456", "970", "33"
"456", "977", "34"
"456", "968", "35"
"456", "870", "36"
"456", "888", "37"
"456", "868", "38"
"456", "867", "39"
"456", "516", "40"
"456", "515", "41"
"456", "514", "42"
"456", "513", "43"
"456", "512", "44"
"456", "96", "45"
"456", "420", "46"
"456", "421", "47"
"456", "100", "48"
"460", "187", "1"
"460", "188", "2"
"460", "189", "3"
"460", "206", "4"
"460", "443", "5"
"460", "461", "6"
"460", "462", "7"
"460", "464", "8"
"460", "465", "9"
"460", "789", "10"
"460", "679", "11"
"460", "793", "12"
"460", "792", "13"
"460", "791", "14"
"460", "794", "15"
"460", "899", "16"
"460", "978", "17"
"460", "979", "18"
"460", "980", "19"
"460", "981", "20"
"460", "982", "21"
"460", "983", "22"
"460", "984", "23"
"460", "985", "24"
"460", "984", "25"
"460", "986", "26"
"460", "982", "27"
"460", "981", "28"
"460", "980", "29"
"460", "979", "30"
"460", "978", "31"
"460", "899", "32"
"460", "790", "33"
"460", "791", "34"
"460", "792", "35"
"460", "793", "36"
"460", "679", "37"
"460", "789", "38"
"460", "465", "39"
"460", "473", "40"
"460", "462", "41"
"460", "461", "42"
"460", "443", "43"
"460", "206", "44"
"460", "189", "45"
"460", "188", "46"
"462", "187", "1"
"462", "188", "2"
"462", "189", "3"
"462", "206", "4"
"462", "443", "5"
"462", "461", "6"
"462", "462", "7"
"462", "464", "8"
"462", "465", "9"
"462", "789", "10"
"462", "679", "11"
"462", "794", "12"
"462", "987", "13"
"462", "988", "14"
"462", "989", "15"
"462", "990", "16"
"462", "329", "17"
"462", "991", "18"
"462", "992", "19"
"462", "991", "20"
"462", "329", "21"
"462", "990", "22"
"462", "989", "23"
"462", "988", "24"
"462", "987", "25"
"462", "790", "26"
"462", "679", "27"
"462", "789", "28"
"462", "465", "29"
"462", "473", "30"
"462", "462", "31"
"462", "461", "32"
"462", "443", "33"
"462", "206", "34"
"462", "189", "35"
"462", "188", "36"
"471", "51", "1"
"471", "993", "2"
"471", "994", "3"
"471", "995", "4"
"471", "996", "5"
"471", "832", "6"
"471", "224", "7"
"471", "997", "8"
"471", "224", "9"
"471", "832", "10"
"471", "996", "11"
"471", "995", "12"
"471", "994", "13"
"471", "993", "14"
"780", "213", "1"
"780", "245", "2"
"780", "194", "3"
"780", "229", "4"
"780", "579", "5"
"780", "781", "6"
"780", "957", "7"
"780", "958", "8"
"780", "998", "9"
"780", "999", "10"
"780", "998", "11"
"780", "958", "12"
"780", "957", "13"
"780", "781", "14"
"780", "579", "15"
"780", "229", "16"
"780", "194", "17"
"780", "245", "18"
"783", "1000", "1"
"783", "279", "2"
"783", "359", "3"
"783", "199", "4"
"783", "575", "5"
"783", "229", "6"
"783", "578", "7"
"783", "579", "8"
"783", "746", "9"
"783", "781", "10"
"783", "783", "11"
"783", "957", "12"
"783", "958", "13"
"783", "959", "14"
"783", "998", "15"
"783", "999", "16"
"783", "998", "17"
"783", "960", "18"
"783", "959", "19"
"783", "958", "20"
"783", "957", "21"
"783", "796", "22"
"783", "781", "23"
"783", "746", "24"
"783", "579", "25"
"783", "578", "26"
"783", "229", "27"
"783", "1001", "28"
"783", "199", "29"
"783", "359", "30"
"783", "503", "31"
"783", "418", "32"
